joint_value_FR_Thigh,accel_x,accel_y,accel_z,foot_force,"Label (stand : 1, Sit : 0)"
-0.697792523,0.500388,-0.0131681,9.23444,23,1
-0.695298716,0.500388,-0.0131681,9.23444,23,1
-0.650596325,0.500388,-0.0131681,9.23444,23,1
-0.680163602,0.539892,-0.0622492,8.99621,23,1
-0.683732397,0.539892,-0.0622492,8.99621,23,1
-0.676389367,0.452504,0.113725,9.15902,24,1
-0.671883953,0.452504,0.113725,9.15902,24,1
-0.673785142,0.452504,0.113725,9.15902,24,1
-0.676139213,0.36751,0.101754,9.4128,24,1
-0.656369362,0.36751,0.101754,9.4128,24,1
-0.674836382,0.36751,0.101754,9.4128,24,1
-0.675036403,0.384269,0.0203507,9.27274,24,1
-0.682209734,0.384269,0.0203507,9.27274,24,1
-0.657196805,0.482432,-0.0299275,9.35654,24,1
-0.66574363,0.482432,-0.0299275,9.35654,24,1
-0.655593843,0.499191,0.104148,9.41879,24,1
-0.692566044,0.499191,0.104148,9.41879,24,1
-0.679891108,0.499191,0.104148,9.41879,24,1
-0.691583886,0.499191,0.104148,9.41879,24,1
-0.669391815,0.545878,0.142455,9.28471,24,1
-0.655450609,0.543484,0.0131681,9.2488,24,1
-0.676170736,0.543484,0.0131681,9.2488,24,1
-0.69902266,0.543484,0.0131681,9.2488,24,1
-0.679116239,0.547075,-0.130484,9.2093,24,1
-0.681501949,0.547075,-0.130484,9.2093,24,1
-0.66878687,0.517148,-0.0383072,9.21289,24,1
-0.678076115,0.517148,-0.0383072,9.21289,24,1
-0.694591216,0.517148,-0.0383072,9.21289,24,1
-0.695895004,0.373495,-0.0215478,9.33858,24,1
-0.675101083,0.373495,-0.0215478,9.33858,24,1
-0.651295925,0.311246,-0.071826,9.44872,24,1
-0.68020943,0.311246,-0.071826,9.44872,24,1
-0.662838393,0.311246,-0.071826,9.44872,24,1
-0.694785006,0.221464,-0.071826,9.52533,25,1
-0.663773409,0.221464,-0.071826,9.52533,25,1
-0.654194653,0.1652,-0.059855,9.61272,25,1
-0.699670563,0.1652,-0.059855,9.61272,25,1
-0.66979477,0.1652,-0.059855,9.61272,25,1
-0.674323857,0.201113,0.0203507,9.67018,25,1
-0.670788055,0.201113,0.0203507,9.67018,25,1
-0.670064124,0.244209,0.114922,9.77912,25,1
-0.697625133,0.244209,0.114922,9.77912,25,1
-0.697553168,0.244209,0.114922,9.77912,25,1
-0.650292126,0.28491,0.114922,9.67976,25,1
-0.682779372,0.28491,0.114922,9.67976,25,1
-0.692522534,0.281319,0.0155623,9.68694,25,1
-0.698764484,0.281319,0.0155623,9.68694,25,1
-0.651631331,0.281319,0.0155623,9.68694,25,1
-0.686530686,0.331597,0.0407014,9.64863,25,1
-0.665576073,0.331597,0.0407014,9.64863,25,1
-0.688228581,0.335188,-0.0191536,9.43196,25,1
-0.683748885,0.335188,-0.0191536,9.43196,25,1
-0.684934969,0.335188,-0.0191536,9.43196,25,1
-0.669635962,0.331597,0.0454898,9.4966,25,1
-0.656935845,0.331597,0.0454898,9.4966,26,1
-0.664531421,0.301669,0.0610521,9.50737,26,1
-0.679119267,0.301669,0.0610521,9.50737,26,1
-0.689796727,0.301669,0.0610521,9.50737,26,1
-0.680330849,0.316035,-0.00957681,9.53012,26,1
-0.696691224,0.316035,-0.00957681,9.53012,26,1
-0.689813895,0.317232,0.0023942,9.62708,26,1
-0.661541008,0.317232,0.0023942,9.62708,26,1
-0.668969901,0.317232,0.0023942,9.62708,26,1
-0.682648044,0.335188,0.0574608,9.70969,26,1
-0.670093808,0.335188,0.0574608,9.70969,26,1
-0.67583333,0.476446,0.137667,9.73482,26,1
-0.65333897,0.476446,0.137667,9.73482,26,1
-0.697875194,0.476446,0.137667,9.73482,26,1
-0.665726594,0.507571,0.047884,9.58878,25,1
-0.697590441,0.507571,0.047884,9.58878,25,1
-0.697752049,0.507571,0.047884,9.58878,25,1
-0.677131862,0.459687,-0.0837971,9.34577,25,1
-0.675986899,0.459687,-0.0837971,9.34577,25,1
-0.651630324,0.407014,0.0658405,9.27633,25,1
-0.691783462,0.407014,0.0658405,9.27633,25,1
-0.663738913,0.407014,0.0658405,9.27633,25,1
-0.677348039,0.366313,0.023942,9.13268,25,1
-0.68945069,0.366313,0.023942,9.13268,25,1
-0.694745432,0.356736,-0.0837971,9.15184,25,1
-0.694473893,0.356736,-0.0837971,9.15184,25,1
-0.679098224,0.356736,-0.0837971,9.15184,25,1
-0.667055776,0.320823,0.0023942,9.2476,25,1
-0.655075727,0.320823,0.0023942,9.2476,25,1
-0.654135248,0.307655,-0.142455,9.31344,25,1
-0.69656595,0.307655,-0.142455,9.31344,25,1
-0.686956141,0.307655,-0.142455,9.31344,26,1
-0.681763702,0.305261,-0.0011971,9.28352,26,1
-0.697962071,0.305261,-0.0011971,9.28352,26,1
-0.68299726,0.305261,-0.0011971,9.28352,26,1
-0.698672084,0.277727,0.0263362,9.41999,26,1
-0.666989871,0.277727,0.0263362,9.41999,26,1
-0.658411909,0.35913,0.0371101,9.38048,26,1
-0.666425343,0.35913,0.0371101,9.38048,26,1
-0.680300787,0.371101,-0.0861913,9.25957,26,1
-0.681288376,0.371101,-0.0861913,9.25957,26,1
-0.654359526,0.371101,-0.0861913,9.25957,26,1
-0.675613939,0.37589,0.0407014,9.12191,26,1
-0.685115082,0.37589,0.0407014,9.12191,26,1
-0.695625987,0.333991,0.0933739,9.20571,26,1
-0.686489199,0.333991,0.0933739,9.20571,26,1
-0.670689236,0.333991,0.0933739,9.20571,26,1
-0.661057231,0.381875,0.0407014,9.2093,26,1
-0.654158792,0.381875,0.0407014,9.2093,26,1
-0.680477215,0.381875,0.0407014,9.2093,26,1
-0.694360017,0.298078,-0.0730232,9.30746,26,1
-0.674680698,0.298078,-0.0730232,9.30746,26,1
-0.675301665,0.292093,-0.0526724,9.25,26,1
-0.665803973,0.292093,-0.0526724,9.25,26,1
-0.692777012,0.387861,-0.059855,8.88488,26,1
-0.678031194,0.387861,-0.059855,8.88488,26,1
-0.665246011,0.387861,-0.059855,8.88488,25,1
-0.668481098,0.439336,0.0023942,8.51618,25,1
-0.675317111,0.439336,0.0023942,8.51618,25,1
-0.665940024,0.551863,0.0011971,8.23965,25,1
-0.689422162,0.551863,0.0011971,8.23965,24,1
-0.680541515,0.551863,0.0011971,8.23965,24,1
-0.651077342,0.642843,0.0586579,8.00621,24,1
-0.669487442,0.642843,0.0586579,8.00621,24,1
-0.650998694,0.642843,0.0586579,8.00621,24,1
-0.699047115,0.707487,-0.0861913,7.57047,24,1
-0.696911851,0.707487,-0.0861913,7.57047,22,1
-0.678243155,0.703895,-0.179565,7.46871,22,1
-0.69272395,0.703895,-0.179565,7.46871,22,1
-0.684014721,0.626084,-0.17358,7.41365,22,1
-0.657990923,0.626084,-0.17358,7.41365,22,1
-0.681214851,0.626084,-0.17358,7.41365,22,1
-0.667473837,0.684742,-0.184354,7.42681,22,1
-0.676248918,0.684742,-0.184354,7.42681,22,1
-0.667850399,0.602142,-0.116119,7.56448,22,1
-0.666609768,0.602142,-0.116119,7.56448,22,1
-0.686394657,0.602142,-0.116119,7.56448,22,1
-0.678231127,0.505177,-0.105345,7.75003,23,1
-0.682144491,0.505177,-0.105345,7.75003,23,1
-0.661525183,0.454898,-0.219069,7.97509,23,1
-0.671381143,0.454898,-0.219069,7.97509,23,1
-0.651412095,0.454898,-0.219069,7.97509,23,1
-0.673867409,0.472855,-0.201113,8.08402,23,1
-0.664576774,0.472855,-0.201113,8.08402,23,1
-0.651108815,0.40462,-0.0466869,8.15226,24,1
-0.699531925,0.40462,-0.0466869,8.15226,24,1
-0.670281124,0.40462,-0.0466869,8.15226,24,1
-0.674770562,0.363919,-0.0969652,8.31985,25,1
-0.666300014,0.363919,-0.0969652,8.31985,25,1
-0.650085609,0.399832,-0.0454898,8.42759,25,1
-0.66761558,0.399832,-0.0454898,8.42759,25,1
-0.653758591,0.399832,-0.0454898,8.42759,25,1
-0.667718595,0.383072,-0.0873884,8.5078,25,1
-0.655246481,0.383072,-0.0873884,8.5078,25,1
-0.658632309,0.349553,-0.0802058,8.68856,26,1
-0.690990602,0.349553,-0.0802058,8.68856,26,1
-0.690400881,0.349553,-0.0802058,8.68856,26,1
-0.656072654,0.332794,-0.102951,8.69335,26,1
-0.657652758,0.332794,-0.102951,8.69335,26,1
-0.692322997,0.336385,-0.0227449,8.73524,26,1
-0.674440145,0.336385,-0.0227449,8.73524,26,1
-0.673319914,0.336385,-0.0227449,8.73524,26,1
-0.672661385,0.345962,0.0335188,8.71609,26,1
-0.656805024,0.345962,0.0335188,8.71609,26,1
-0.682674589,0.295684,0.0107739,8.80947,26,1
-0.681747296,0.295684,0.0107739,8.80947,26,1
-0.698511599,0.295684,0.0107739,8.80947,26,1
-0.687606741,0.278924,-0.0299275,8.8358,26,1
-0.697920331,0.278924,-0.0299275,8.8358,26,1
-0.686262114,0.278924,-0.0299275,8.8358,26,1
-0.674918456,0.271742,-0.160412,8.82024,26,1
-0.671793539,0.271742,-0.160412,8.82024,26,1
-0.674748149,0.235829,-0.148441,8.80468,27,1
-0.65969213,0.235829,-0.148441,8.80468,27,1
-0.674758862,0.235829,-0.148441,8.80468,27,1
-0.665185192,0.167594,-0.0694318,8.78433,27,1
-0.666511936,0.167594,-0.0694318,8.78433,27,1
-0.684672366,0.158017,-0.00837971,8.93636,27,1
-0.681521596,0.158017,-0.00837971,8.93636,27,1
-0.694862247,0.158017,-0.00837971,8.93636,27,1
-0.660262936,0.158017,-0.00837971,8.93636,27,1
-0.688066113,0.0885855,0.0011971,8.99861,27,1
-0.682634772,0.0885855,0.0011971,8.99861,27,1
-0.680268146,0.102951,-0.0454898,9.07881,28,1
-0.65616719,0.102951,-0.0454898,9.07881,28,1
-0.654031378,0.0957681,-0.0646434,9.02255,28,1
-0.663767435,0.0957681,-0.0646434,9.02255,28,1
-0.690613954,0.0742203,-0.0143652,8.98065,28,1
-0.695534245,0.0742203,-0.0143652,8.98065,28,1
-0.66062476,0.0742203,-0.0143652,8.98065,28,1
-0.695420712,0.0227449,0.0658405,9.09078,28,1
-0.666613882,0.0227449,0.0658405,9.09078,28,1
-0.692678447,0.0395043,0.0634463,9.14705,28,1
-0.697924298,0.0395043,0.0634463,9.14705,29,1
-0.698175628,0.0395043,0.0634463,9.14705,29,1
-0.667839215,0.0251391,0.122104,9.25119,29,1
-0.675600089,0.0251391,0.122104,9.25119,29,1
-0.687586074,0.0814029,0.0574608,9.30985,29,1
-0.672772284,0.0814029,0.0574608,9.30985,29,1
-0.65439404,0.0814029,0.0574608,9.30985,29,1
-0.67252186,0.0873884,0.0586579,9.4559,29,1
-0.693648179,0.0873884,0.0586579,9.4559,29,1
-0.685190149,0.0694318,0.0299275,9.40921,29,1
-0.68160446,0.0694318,0.0299275,9.40921,29,1
-0.698453767,0.0694318,0.0299275,9.40921,29,1
-0.69184033,0.105345,0.0035913,9.49899,29,1
-0.652115849,0.105345,0.0035913,9.49899,29,1
-0.656708825,0.113725,0.0430956,9.48104,29,1
-0.68676417,0.113725,0.0430956,9.48104,29,1
-0.65399507,0.113725,0.0430956,9.48104,29,1
-0.663096986,0.113725,0.00718261,9.46428,29,1
-0.678641567,0.113725,0.00718261,9.46428,29,1
-0.675522849,0.113725,0.00718261,9.46428,29,1
-0.690539293,0.0885855,-0.0418985,9.48583,29,1
-0.689537811,0.0885855,-0.0418985,9.48583,29,1
-0.676836688,0.0706289,-0.0909797,9.48702,29,1
-0.664035694,0.0706289,-0.0909797,9.48702,29,1
-0.665299556,0.101754,-0.168791,9.40083,29,1
-0.663534137,0.101754,-0.168791,9.40083,29,1
-0.692539077,0.101754,-0.168791,9.40083,29,1
-0.697149069,0.0610521,-0.0981623,9.34218,29,1
-0.653884354,0.0610521,-0.0981623,9.34218,29,1
-0.659499163,0.0658405,-0.0921768,9.25718,29,1
-0.69045399,0.0658405,-0.0921768,9.25718,29,1
-0.661144069,0.0658405,-0.0921768,9.25718,29,1
-0.689500905,-0.0167594,-0.108936,9.25479,29,1
-0.689316352,-0.0167594,-0.108936,9.25479,29,1
-0.699541903,0.0059855,-0.0634463,9.18057,29,1
-0.685965081,0.0059855,-0.0634463,9.18057,29,1
-0.688239508,0.0059855,-0.0634463,9.18057,29,1
-0.677638665,-0.0179565,-0.0323217,9.26436,29,1
-0.690209463,-0.0179565,-0.0323217,9.26436,29,1
-0.683146413,-0.0347159,-0.0371101,9.28232,29,1
-0.652146764,-0.0347159,-0.0371101,9.28232,29,1
-0.662918516,-0.0347159,-0.0371101,9.28232,29,1
-0.657583668,-0.023942,-0.0814029,9.35654,29,1
-0.674157501,-0.023942,-0.0814029,9.35654,29,1
-0.693256954,-0.011971,-0.0167594,9.44273,29,1
-0.696300249,-0.011971,-0.0167594,9.44273,30,1
-0.696575437,-0.011971,-0.0167594,9.44273,30,1
-0.666874136,0.0203507,0.0730232,9.41041,30,1
-0.677121455,0.0203507,0.0730232,9.41041,30,1
-0.694742703,0.0131681,0.0395043,9.44034,30,1
-0.666218147,0.0131681,0.0395043,9.44034,30,1
-0.662921899,0.0131681,0.0395043,9.44034,30,1
-0.658300432,0.0371101,0.0885855,9.50498,30,1
-0.697309942,0.0371101,0.0885855,9.50498,30,1
-0.663673281,0.0766145,0.0538695,9.53611,30,1
-0.676759906,0.0766145,0.0538695,9.53611,30,1
-0.657871124,0.0766145,0.0538695,9.53611,30,1
-0.678746378,0.100556,-0.0035913,9.50977,30,1
-0.664441006,0.100556,-0.0035913,9.50977,30,1
-0.651233783,0.0730232,0.0215478,9.61033,30,1
-0.654913343,0.0730232,0.0215478,9.61033,30,1
-0.698380299,0.0730232,0.0215478,9.61033,30,1
-0.687627615,0.0706289,0.0275333,9.59117,30,1
-0.679077196,0.0706289,0.0275333,9.59117,30,1
-0.670447893,0.0861913,0.00957681,9.5397,30,1
-0.660379665,0.0861913,0.00957681,9.5397,30,1
-0.684100514,0.0861913,0.00957681,9.5397,30,1
-0.679486708,0.0646434,0.0155623,9.59357,30,1
-0.694556866,0.0646434,0.0155623,9.59357,30,1
-0.652353629,0.0646434,0.0155623,9.59357,30,1
-0.668122571,0.104148,0.0347159,9.52413,30,1
-0.688609514,0.104148,0.0347159,9.52413,30,1
-0.661381306,0.0622492,0.0047884,9.4547,30,1
-0.698216433,0.0622492,0.0047884,9.4547,29,1
-0.667897677,0.0622492,0.0047884,9.4547,29,1
-0.674856352,0.035913,0.0227449,9.44752,29,1
-0.651531483,0.035913,0.0227449,9.44752,30,1
-0.682002865,0.071826,0.0311246,9.43316,30,1
-0.659051119,0.071826,0.0311246,9.43316,30,1
-0.6500844,0.071826,0.0311246,9.43316,30,1
-0.666775921,0.0837971,0.124498,9.47146,30,1
-0.660770545,0.0837971,0.124498,9.47146,30,1
-0.678969515,0.0670376,0.116119,9.46069,30,1
-0.693409763,0.0670376,0.116119,9.46069,30,1
-0.678406689,0.0670376,0.116119,9.46069,30,1
-0.657384939,0.0514753,0.124498,9.54808,30,1
-0.68515991,0.0514753,0.124498,9.54808,30,1
-0.659334737,0.0849942,0.144849,9.61033,30,1
-0.661954775,0.0849942,0.144849,9.61033,30,1
-0.652363899,0.0849942,0.144849,9.61033,30,1
-0.666400427,0.132878,0.143652,9.67497,30,1
-0.663616318,0.132878,0.143652,9.67497,30,1
-0.667683147,0.185551,0.189142,9.65941,30,1
-0.697164912,0.185551,0.189142,9.65941,30,1
-0.684882596,0.185551,0.189142,9.65941,30,1
-0.654112079,0.23942,0.187945,9.65582,30,1
-0.658962091,0.23942,0.187945,9.65582,30,1
-0.699961409,0.275333,0.161609,9.61392,30,1
-0.665876502,0.275333,0.161609,9.61392,29,1
-0.69091957,0.275333,0.161609,9.61392,29,1
-0.665511615,0.328006,0.108936,9.57681,29,1
-0.687225684,0.328006,0.108936,9.57681,29,1
-0.686914334,0.383072,0.0957681,9.62469,29,1
-0.652654455,0.383072,0.0957681,9.62469,29,1
-0.680709722,0.383072,0.0957681,9.62469,29,1
-0.662822833,0.383072,0.0957681,9.62469,29,1
-0.667747631,0.395043,0.0586579,9.52892,29,1
-0.688110378,0.395043,0.0586579,9.52892,29,1
-0.665340499,0.341174,0.0263362,9.48822,29,1
-0.650690652,0.341174,0.0263362,9.48822,29,1
-0.695779487,0.318429,0.0634463,9.44632,29,1
-0.669369134,0.318429,0.0634463,9.44632,29,1
-0.665067949,0.36751,0.0107739,9.50857,29,1
-0.693732239,0.36751,0.0107739,9.50857,29,1
-0.652487128,0.36751,0.0107739,9.50857,29,1
-0.650798776,0.314838,-0.023942,9.46189,29,1
-0.669732195,0.314838,-0.023942,9.46189,29,1
-0.653096602,0.27653,-0.0035913,9.56005,29,1
-0.667657305,0.27653,-0.0035913,9.56005,29,1
-0.68848182,0.27653,-0.0035913,9.56005,29,1
-0.690490658,0.232238,-0.0215478,9.55167,29,1
-0.672689138,0.232238,-0.0215478,9.55167,29,1
-0.686604526,0.244209,0.0143652,9.55526,29,1
-0.698591423,0.244209,0.0143652,9.55526,29,1
-0.68062107,0.244209,0.0143652,9.55526,29,1
-0.658665228,0.250194,0.0526724,9.64983,29,1
-0.662662199,0.250194,0.0526724,9.64983,29,1
-0.663581996,0.233435,0.0610521,9.60314,29,1
-0.658847669,0.233435,0.0610521,9.60314,29,1
-0.659173523,0.233435,0.0610521,9.60314,29,1
-0.674459194,0.266953,0.0849942,9.59476,29,1
-0.664116898,0.266953,0.0849942,9.59476,29,1
-0.656093042,0.277727,0.0730232,9.64025,29,1
-0.681070127,0.277727,0.0730232,9.64025,29,1
-0.685853262,0.277727,0.0730232,9.64025,29,1
-0.688557767,0.306458,0.0933739,9.59716,29,1
-0.671968942,0.306458,0.0933739,9.59716,29,1
-0.65444178,0.307655,0.0287304,9.60554,29,1
-0.694739456,0.307655,0.0287304,9.60554,29,1
-0.658427178,0.307655,0.0287304,9.60554,29,1
-0.687382019,0.378284,0.0502782,9.61631,29,1
-0.67911686,0.378284,0.0502782,9.61631,29,1
-0.656415861,0.392649,0.0562637,9.63187,29,1
-0.699752511,0.392649,0.0562637,9.63187,29,1
-0.665650471,0.392649,0.0562637,9.63187,29,1
-0.671101188,0.429759,0.0191536,9.5792,29,1
-0.663543282,0.429759,0.0191536,9.5792,28,1
-0.688648835,0.417788,0.0203507,9.56484,28,1
-0.690690352,0.417788,0.0203507,9.56484,28,1
-0.690589753,0.417788,0.0203507,9.56484,28,1
-0.663380207,0.427365,-0.0466869,9.56603,28,1
-0.683475554,0.427365,-0.0466869,9.56603,28,1
-0.676621362,0.447716,-0.0849942,9.57202,28,1
-0.668913723,0.447716,-0.0849942,9.57202,28,1
-0.664993644,0.447716,-0.0849942,9.57202,28,1
-0.685364532,0.403423,-0.071826,9.51815,28,1
-0.680872726,0.403423,-0.071826,9.51815,28,1
-0.674671178,0.403423,-0.071826,9.51815,28,1
-0.682805909,0.392649,-0.0694318,9.60195,28,1
-0.66385395,0.392649,-0.0694318,9.60195,28,1
-0.692207968,0.320823,-0.0490811,9.55406,28,1
-0.676786257,0.320823,-0.0490811,9.55406,28,1
-0.689651603,0.320823,-0.0490811,9.55406,28,1
-0.656169157,0.314838,-0.0562637,9.55646,28,1
-0.657676016,0.314838,-0.0562637,9.55646,28,1
-0.688631409,0.320823,-0.0191536,9.59117,28,1
-0.687333483,0.320823,-0.0191536,9.59117,28,1
-0.676507942,0.320823,-0.0191536,9.59117,28,1
-0.672926124,0.295684,-0.0395043,9.65342,28,1
-0.689755775,0.295684,-0.0395043,9.65342,28,1
-0.675304294,0.295684,-0.0395043,9.65342,28,1
-0.66890931,0.304064,0.0191536,9.52174,29,1
-0.67845433,0.304064,0.0191536,9.52174,29,1
-0.65146121,0.286107,0.0454898,9.60075,29,1
-0.68183072,0.286107,0.0454898,9.60075,29,1
-0.678293901,0.312443,0.0514753,9.59117,29,1
-0.651204579,0.312443,0.0514753,9.59117,29,1
-0.656662588,0.312443,0.0514753,9.59117,29,1
-0.699080913,0.397437,0.0622492,9.6199,29,1
-0.654040979,0.397437,0.0622492,9.6199,29,1
-0.692621695,0.414197,0.0694318,9.61152,29,1
-0.684485673,0.414197,0.0694318,9.61152,28,1
-0.677780956,0.414197,0.0694318,9.61152,28,1
-0.656097987,0.39624,0.047884,9.57202,28,1
-0.67393254,0.39624,0.047884,9.57202,28,1
-0.68071561,0.414197,0.0574608,9.59716,28,1
-0.673509277,0.414197,0.0574608,9.59716,28,1
-0.660365007,0.414197,0.0574608,9.59716,28,1
-0.68694369,0.40462,0.0622492,9.5816,28,1
-0.65808627,0.40462,0.0622492,9.5816,28,1
-0.653198471,0.426168,0.0371101,9.61152,28,1
-0.692555754,0.426168,0.0371101,9.61152,28,1
-0.678125977,0.426168,0.0371101,9.61152,28,1
-0.691372552,0.398635,-0.0347159,9.5804,28,1
-0.66541971,0.398635,-0.0347159,9.5804,28,1
-0.685957433,0.385466,-0.0263362,9.55526,28,1
-0.66568989,0.385466,-0.0263362,9.55526,28,1
-0.686306692,0.385466,-0.0263362,9.55526,28,1
-0.668659661,0.354342,-0.0167594,9.55765,28,1
-0.684467422,0.354342,-0.0167594,9.55765,28,1
-0.654791322,0.354342,-0.0167594,9.55765,28,1
-0.69792651,0.336385,-0.0011971,9.56603,28,1
-0.664532444,0.336385,-0.0011971,9.56603,28,1
-0.688360348,0.298078,-0.0371101,9.59237,28,1
-0.692148477,0.298078,-0.0371101,9.59237,28,1
-0.662957416,0.27653,0.0023942,9.54449,28,1
-0.66403054,0.27653,0.0023942,9.54449,28,1
-0.657162352,0.27653,0.0023942,9.54449,28,1
-0.657523592,0.259771,-0.023942,9.50857,28,1
-0.677753972,0.259771,-0.023942,9.50857,29,1
-0.680123009,0.254982,0.0143652,9.56005,29,1
-0.685149487,0.254982,0.0143652,9.56005,29,1
-0.680239531,0.254982,0.0143652,9.56005,29,1
-0.672283855,0.282516,0.0263362,9.56962,29,1
-0.687576118,0.282516,0.0263362,9.56962,29,1
-0.674748522,0.282516,0.0263362,9.56962,29,1
-0.656721728,0.269348,0.0610521,9.56484,29,1
-0.658567029,0.269348,0.0610521,9.56484,29,1
-0.677769562,0.295684,0.106542,9.6223,29,1
-0.695833413,0.295684,0.106542,9.6223,29,1
-0.693205919,0.299275,0.0921768,9.59357,29,1
-0.672211944,0.299275,0.0921768,9.59357,29,1
-0.673317965,0.299275,0.0921768,9.59357,29,1
-0.677982479,0.339977,0.0933739,9.59835,29,1
-0.673897705,0.339977,0.0933739,9.59835,29,1
-0.656389855,0.414197,0.0766145,9.63427,29,1
-0.685115756,0.414197,0.0766145,9.63427,29,1
-0.69063123,0.414197,0.0766145,9.63427,29,1
-0.653443024,0.403423,0.0562637,9.57322,29,1
-0.668489388,0.403423,0.0562637,9.57322,29,1
-0.690432452,0.415394,0.0658405,9.54688,29,1
-0.654270828,0.415394,0.0658405,9.54688,28,1
-0.661493926,0.415394,0.0658405,9.54688,28,1
-0.657894356,0.417788,0.0299275,9.61272,28,1
-0.692774154,0.417788,0.0299275,9.61272,28,1
-0.682935172,0.423774,-0.0215478,9.58519,28,1
-0.678136199,0.423774,-0.0215478,9.58519,28,1
-0.683927119,0.423774,-0.0215478,9.58519,28,1
-0.663019272,0.389058,-0.035913,9.51695,28,1
-0.681920934,0.389058,-0.035913,9.51695,28,1
-0.666987191,0.365116,-0.0538695,9.66898,28,1
-0.693420647,0.365116,-0.0538695,9.66898,28,1
-0.688463319,0.365116,-0.0538695,9.66898,28,1
-0.698328412,0.320823,-0.0418985,9.54808,28,1
-0.674075825,0.320823,-0.0418985,9.54808,28,1
-0.685600058,0.278924,-0.0897826,9.56124,28,1
-0.652443154,0.278924,-0.0897826,9.56124,28,1
-0.679192442,0.278924,-0.0897826,9.56124,28,1
-0.659271875,0.248997,-0.0442927,9.54688,28,1
-0.680146988,0.248997,-0.0442927,9.54688,28,1
-0.679484318,0.248997,-0.0442927,9.54688,28,1
-0.667170319,0.241814,-0.0311246,9.56603,28,1
-0.660764625,0.241814,-0.0311246,9.56603,29,1
-0.693221224,0.245406,-0.0287304,9.57202,29,1
-0.699022616,0.245406,-0.0287304,9.57202,29,1
-0.682272271,0.245406,-0.0287304,9.57202,29,1
-0.665800873,0.2478,0.0263362,9.59476,29,1
-0.652255514,0.2478,0.0263362,9.59476,29,1
-0.665469587,0.234632,0.0430956,9.53251,29,1
-0.684409078,0.234632,0.0430956,9.53251,29,1
-0.675697171,0.234632,0.0430956,9.53251,29,1
-0.685496115,0.27653,0.059855,9.63307,29,1
-0.664001022,0.27653,0.059855,9.63307,29,1
-0.697168503,0.318429,0.0897826,9.61871,29,1
-0.684915712,0.318429,0.0897826,9.61871,29,1
-0.652331677,0.318429,0.0897826,9.61871,29,1
-0.69957022,0.336385,0.0371101,9.62469,29,1
-0.653663136,0.336385,0.0371101,9.62469,29,1
-0.665958041,0.349553,0.0442927,9.60314,29,1
-0.699783603,0.349553,0.0442927,9.60314,29,1
-0.699078403,0.349553,0.0442927,9.60314,29,1
-0.661168529,0.362722,0.0706289,9.5385,29,1
-0.681420009,0.362722,0.0706289,9.5385,29,1
-0.673560912,0.344765,0.0814029,9.60793,29,1
-0.655262576,0.344765,0.0814029,9.60793,29,1
-0.699149268,0.344765,0.0814029,9.60793,29,1
-0.659291479,0.344765,0.0814029,9.60793,29,1
-0.667169166,0.391452,0.0335188,9.55885,29,1
-0.691381618,0.401029,-0.0035913,9.57082,29,1
-0.674295599,0.401029,-0.0035913,9.57082,28,1
-0.656042687,0.401029,-0.0035913,9.57082,28,1
-0.6516843,0.361524,-0.0059855,9.51456,28,1
-0.653602062,0.361524,-0.0059855,9.51456,28,1
-0.673988708,0.336385,-0.0502782,9.53251,28,1
-0.678179406,0.336385,-0.0502782,9.53251,28,1
-0.680828938,0.336385,-0.0502782,9.53251,28,1
-0.676449355,0.25618,-0.0622492,9.57322,29,1
-0.683486088,0.25618,-0.0622492,9.57322,29,1
-0.681615104,0.290895,-0.0155623,9.55526,29,1
-0.693674906,0.290895,-0.0155623,9.55526,29,1
-0.659708113,0.290895,-0.0155623,9.55526,29,1
-0.681063365,0.290895,-0.0155623,9.55526,29,1
-0.693346074,0.199916,-0.0323217,9.57681,29,1
-0.664126205,0.199916,-0.0323217,9.57681,29,1
-0.695034944,0.215478,-0.0466869,9.55646,29,1
-0.668929144,0.215478,-0.0466869,9.55646,29,1
-0.686883228,0.185551,-0.00718261,9.55765,29,1
-0.67854029,0.185551,-0.00718261,9.55765,29,1
-0.656351779,0.204704,0.0263362,9.60195,29,1
-0.6775903,0.204704,0.0263362,9.60195,29,1
-0.668171697,0.204704,0.0263362,9.60195,29,1
-0.653969682,0.204704,0.0263362,9.60195,29,1
-0.67045485,0.232238,0.0347159,9.56005,29,1
-0.68913272,0.216675,0.0885855,9.56484,29,1
-0.67054753,0.216675,0.0885855,9.56484,29,1
-0.685961939,0.216675,0.0885855,9.56484,29,1
-0.688516395,0.274136,0.0826,9.61871,29,1
-0.69068945,0.274136,0.0826,9.61871,29,1
-0.670009223,0.272939,0.0550666,9.67138,29,1
-0.69864143,0.272939,0.0550666,9.67138,29,1
-0.686826737,0.272939,0.0550666,9.67138,29,1
-0.673579876,0.300472,0.0658405,9.60793,29,1
-0.65793309,0.300472,0.0658405,9.60793,29,1
-0.675800077,0.300472,0.0658405,9.60793,29,1
-0.672564014,0.316035,0.0502782,9.54927,29,1
-0.6901047,0.316035,0.0502782,9.54927,29,1
-0.699670878,0.385466,0.0347159,9.56843,29,1
-0.695867429,0.385466,0.0347159,9.56843,29,1
-0.694308801,0.33878,0.0371101,9.5385,29,1
-0.664704098,0.33878,0.0371101,9.5385,29,1
-0.652834815,0.33878,0.0371101,9.5385,29,1
-0.695417419,0.349553,0.0371101,9.59596,29,1
-0.671226171,0.349553,0.0371101,9.59596,29,1
-0.677537466,0.349553,0.0371101,9.59596,29,1
-0.679216002,0.336385,-0.0287304,9.48822,29,1
-0.677520798,0.336385,-0.0287304,9.48822,29,1
-0.656091389,0.290895,-0.0347159,9.60793,29,1
-0.698100021,0.290895,-0.0347159,9.60793,29,1
-0.669392839,0.287304,-0.0383072,9.51216,29,1
-0.68069425,0.287304,-0.0383072,9.51216,29,1
-0.683783381,0.287304,-0.0383072,9.51216,29,1
-0.657867838,0.241814,-0.011971,9.50857,29,1
-0.660323149,0.241814,-0.011971,9.50857,29,1
-0.65085917,0.20231,0.00718261,9.51097,29,1
-0.655028612,0.20231,0.00718261,9.51097,29,1
-0.67477344,0.20231,0.00718261,9.51097,29,1
-0.685932863,0.198719,-0.0227449,9.62948,29,1
-0.684260811,0.198719,-0.0227449,9.62948,29,1
-0.679136287,0.198719,-0.0227449,9.62948,29,1
-0.664111394,0.211887,-0.0203507,9.54808,29,1
-0.651883792,0.211887,-0.0203507,9.54808,29,1
-0.697068336,0.204704,0.0191536,9.6618,29,1
-0.683949505,0.204704,0.0191536,9.6618,29,1
-0.650057091,0.204704,0.0191536,9.6618,29,1
-0.690712245,0.233435,0.0502782,9.57561,29,1
-0.676230316,0.233435,0.0502782,9.57561,29,1
-0.665087633,0.235829,0.0790087,9.58519,29,1
-0.679224996,0.235829,0.0790087,9.58519,29,1
-0.660584612,0.235829,0.0790087,9.58519,29,1
-0.662906867,0.287304,0.0706289,9.57202,29,1
-0.686306824,0.287304,0.0706289,9.57202,29,1
-0.671576888,0.298078,0.0371101,9.60673,29,1
-0.667208575,0.298078,0.0371101,9.60673,29,1
-0.651393907,0.298078,0.0371101,9.60673,29,1
-0.677688577,0.343568,0.0658405,9.5816,29,1
-0.661836235,0.343568,0.0658405,9.5816,29,1
-0.651730785,0.356736,0.0562637,9.62708,29,1
-0.686996968,0.356736,0.0562637,9.62708,29,1
-0.67330868,0.356736,0.0562637,9.62708,29,1
-0.691404611,0.351948,0.047884,9.56723,29,1
-0.685196356,0.351948,0.047884,9.56723,29,1
-0.689701305,0.397437,0.0131681,9.578,29,1
-0.697547719,0.397437,0.0131681,9.578,29,1
-0.650198146,0.397437,0.0131681,9.578,29,1
-0.687233079,0.392649,-0.0023942,9.59237,29,1
-0.687369974,0.392649,-0.0023942,9.59237,29,1
-0.691827376,0.371101,-0.0502782,9.54808,29,1
-0.654080542,0.371101,-0.0502782,9.54808,29,1
-0.681587932,0.371101,-0.0502782,9.54808,29,1
-0.682447781,0.307655,-0.0490811,9.55526,29,1
-0.673039618,0.307655,-0.0490811,9.55526,29,1
-0.674115993,0.286107,-0.0610521,9.56484,29,1
-0.662730338,0.286107,-0.0610521,9.56484,29,1
-0.672086485,0.286107,-0.0610521,9.56484,29,1
-0.678696758,0.254982,-0.0215478,9.61871,29,1
-0.69094658,0.254982,-0.0215478,9.61871,29,1
-0.678982417,0.23942,-0.0203507,9.56364,29,1
-0.655197712,0.23942,-0.0203507,9.56364,29,1
-0.666140976,0.23942,-0.0203507,9.56364,29,1
-0.68609969,0.229843,-0.0323217,9.57202,29,1
-0.682541798,0.229843,-0.0323217,9.57202,29,1
-0.677313427,0.198719,0.0323217,9.56843,29,1
-0.66933137,0.198719,0.0323217,9.56843,29,1
-0.658621144,0.198719,0.0323217,9.56843,29,1
-0.661798439,0.190339,0.0562637,9.60195,29,1
-0.666846204,0.190339,0.0562637,9.60195,29,1
-0.672588008,0.187945,0.0395043,9.5397,29,1
-0.691207244,0.187945,0.0395043,9.5397,29,1
-0.679827287,0.187945,0.0395043,9.5397,29,1
-0.665997549,0.246603,0.0574608,9.6642,29,1
-0.65279383,0.246603,0.0574608,9.6642,29,1
-0.675967275,0.277727,0.108936,9.5792,29,1
-0.651531568,0.277727,0.108936,9.5792,29,1
-0.683166389,0.277727,0.108936,9.5792,29,1
-0.691165257,0.312443,0.0658405,9.67018,29,1
-0.660602692,0.312443,0.0658405,9.67018,29,1
-0.671082505,0.305261,0.0814029,9.47505,29,1
-0.679152594,0.305261,0.0814029,9.47505,29,1
-0.669377891,0.305261,0.0814029,9.47505,29,1
-0.661067253,0.337582,0.0849942,9.58878,29,1
-0.677167219,0.337582,0.0849942,9.58878,29,1
-0.682797828,0.381875,0.0490811,9.54927,29,1
-0.673653737,0.381875,0.0490811,9.54927,29,1
-0.66287501,0.381875,0.0490811,9.54927,29,1
-0.653531072,0.365116,0.0155623,9.60673,29,1
-0.684884517,0.365116,0.0155623,9.60673,29,1
-0.65623523,0.371101,0.0215478,9.50019,29,1
-0.675119084,0.371101,0.0215478,9.50019,29,1
-0.690977593,0.371101,0.0215478,9.50019,29,1
-0.666391322,0.3304,0.00837971,9.59476,29,1
-0.655664043,0.3304,0.00837971,9.59476,29,1
-0.686014251,0.316035,-0.0335188,9.53251,29,1
-0.683307951,0.316035,-0.0335188,9.53251,29,1
-0.699617602,0.316035,-0.0335188,9.53251,29,1
-0.670720978,0.316035,-0.0407014,9.54808,29,1
-0.656786723,0.316035,-0.0407014,9.54808,29,1
-0.678746647,0.246603,-0.0203507,9.61751,29,1
-0.670026135,0.246603,-0.0203507,9.61751,29,1
-0.691575305,0.246603,-0.0203507,9.61751,29,1
-0.652159231,0.225055,-0.0383072,9.50857,29,1
-0.654579954,0.225055,-0.0383072,9.50857,29,1
-0.660886019,0.225055,-0.0383072,9.50857,29,1
-0.672322493,0.183156,-0.011971,9.61751,29,1
-0.672686292,0.183156,-0.011971,9.61751,29,1
-0.681008709,0.209493,-0.0335188,9.52174,29,1
-0.694917356,0.209493,-0.0335188,9.52174,29,1
-0.677761502,0.209493,-0.0335188,9.52174,29,1
-0.652419602,0.219069,0.0107739,9.56124,29,1
-0.672801172,0.219069,0.0107739,9.56124,29,1
-0.673468796,0.177171,0.0323217,9.62708,29,1
-0.685132593,0.177171,0.0323217,9.62708,29,1
-0.691646359,0.177171,0.0323217,9.62708,29,1
-0.672053319,0.223858,0.0610521,9.5792,29,1
-0.696380055,0.223858,0.0610521,9.5792,29,1
-0.698494575,0.274136,0.0730232,9.59596,29,1
-0.668744899,0.274136,0.0730232,9.59596,29,1
-0.660237075,0.274136,0.0730232,9.59596,29,1
-0.652362781,0.308852,0.0873884,9.60913,29,1
-0.663949988,0.308852,0.0873884,9.60913,29,1
-0.65787427,0.308852,0.0873884,9.60913,29,1
-0.665177421,0.343568,0.0323217,9.61272,29,1
-0.676398524,0.343568,0.0323217,9.61272,29,1
-0.665353671,0.336385,0.0646434,9.58998,29,1
-0.676195966,0.336385,0.0646434,9.58998,29,1
-0.688657951,0.335188,0.0526724,9.60554,29,1
-0.692057329,0.335188,0.0526724,9.60554,29,1
-0.666390732,0.335188,0.0526724,9.60554,29,1
-0.683637699,0.35913,0.0538695,9.56603,29,1
-0.695204989,0.35913,0.0538695,9.56603,29,1
-0.69545573,0.354342,0,9.56603,29,1
-0.679588432,0.354342,0,9.56603,29,1
-0.650858441,0.354342,0,9.56603,29,1
-0.698545074,0.341174,-0.0251391,9.54449,29,1
-0.662343727,0.341174,-0.0251391,9.54449,29,1
-0.666808452,0.341174,-0.0251391,9.54449,29,1
-0.677073879,0.325611,-0.00718261,9.61511,29,1
-0.664108975,0.325611,-0.00718261,9.61511,29,1
-0.652165649,0.295684,-0.0490811,9.49062,29,1
-0.691214489,0.295684,-0.0490811,9.49062,29,1
-0.665112017,0.258574,-0.011971,9.61272,29,1
-0.692110071,0.258574,-0.011971,9.61272,29,1
-0.659007757,0.258574,-0.011971,9.61272,29,1
-0.693499419,0.2478,-0.0131681,9.51456,29,1
-0.666064871,0.2478,-0.0131681,9.51456,29,1
-0.690575493,0.238223,-0.0466869,9.60075,29,1
-0.668871263,0.238223,-0.0466869,9.60075,29,1
-0.655432452,0.238223,-0.0466869,9.60075,29,1
-0.695447177,0.240617,-0.011971,9.60075,29,1
-0.682956298,0.240617,-0.011971,9.60075,29,1
-0.675634499,0.207098,-0.0011971,9.578,29,1
-0.685730626,0.207098,-0.0011971,9.578,29,1
-0.654897964,0.207098,-0.0011971,9.578,29,1
-0.677456356,0.209493,0.0203507,9.61751,29,1
-0.68186246,0.209493,0.0203507,9.61751,29,1
-0.697348176,0.21069,0.0634463,9.57681,29,1
-0.684578153,0.21069,0.0634463,9.57681,29,1
-0.677388054,0.21069,0.0634463,9.57681,29,1
-0.663781073,0.275333,0.0742203,9.57561,29,1
-0.650733386,0.275333,0.0742203,9.57561,29,1
-0.660610845,0.299275,0.0706289,9.62469,29,1
-0.659916823,0.299275,0.0706289,9.62469,29,1
-0.666347004,0.299275,0.0706289,9.62469,29,1
-0.669733238,0.304064,0.0538695,9.578,29,1
-0.657549162,0.304064,0.0538695,9.578,29,1
-0.656644541,0.323217,0.0670376,9.59596,29,1
-0.658339065,0.323217,0.0670376,9.59596,29,1
-0.67491086,0.323217,0.0670376,9.59596,29,1
-0.657983349,0.378284,0.0933739,9.57561,29,1
-0.661236625,0.378284,0.0933739,9.57561,29,1
-0.695769636,0.393846,0.0574608,9.62708,29,1
-0.671724037,0.393846,0.0574608,9.62708,29,1
-0.663124606,0.393846,0.0574608,9.62708,29,1
-0.68157209,0.360327,0.0143652,9.56244,29,1
-0.695393052,0.360327,0.0143652,9.56244,29,1
-0.664073096,0.36751,0.0047884,9.51695,29,1
-0.650274602,0.36751,0.0047884,9.51695,29,1
-0.656003998,0.36751,0.0047884,9.51695,29,1
-0.698487978,0.335188,0.0011971,9.61631,29,1
-0.698881136,0.335188,0.0011971,9.61631,29,1
-0.658770781,0.31364,-0.0131681,9.54688,29,1
-0.690584576,0.31364,-0.0131681,9.54688,29,1
-0.67361428,0.31364,-0.0131681,9.54688,29,1
-0.680170052,0.264559,-0.035913,9.52892,29,1
-0.6879311,0.264559,-0.035913,9.52892,29,1
-0.656287362,0.277727,-0.0275333,9.58998,29,1
-0.652908148,0.277727,-0.0275333,9.58998,29,1
-0.695596597,0.277727,-0.0275333,9.58998,29,1
-0.654048936,0.21069,-0.0347159,9.55167,29,1
-0.657387187,0.21069,-0.0347159,9.55167,29,1
-0.686302482,0.23104,-0.00718261,9.57561,29,1
-0.663188842,0.23104,-0.00718261,9.57561,29,1
-0.67464799,0.23104,-0.00718261,9.57561,29,1
-0.652798796,0.252588,-0.0227449,9.56723,29,1
-0.697099604,0.252588,-0.0227449,9.56723,29,1
-0.680510953,0.252588,-0.0227449,9.56723,29,1
-0.674505125,0.179565,-0.0059855,9.60554,29,1
-0.661082891,0.179565,-0.0059855,9.60554,29,1
-0.67603706,0.191536,0.0610521,9.53611,29,1
-0.665173268,0.191536,0.0610521,9.53611,29,1
-0.68046961,0.191536,0.0610521,9.53611,29,1
-0.680783268,0.253785,0.104148,9.60195,29,1
-0.679215309,0.253785,0.104148,9.60195,29,1
-0.696935248,0.257377,0.0754174,9.63546,29,1
-0.668813343,0.257377,0.0754174,9.63546,29,1
-0.695747484,0.257377,0.0754174,9.63546,29,1
-0.688737756,0.294487,0.0586579,9.59357,29,1
-0.65865288,0.294487,0.0586579,9.59357,29,1
-0.661186144,0.354342,0.0921768,9.60793,29,1
-0.658098029,0.354342,0.0921768,9.60793,29,1
-0.660617128,0.354342,0.0921768,9.60793,29,1
-0.690038006,0.33878,0.0490811,9.59117,29,1
-0.678223071,0.33878,0.0490811,9.59117,29,1
-0.673312056,0.33878,0.0490811,9.59117,29,1
-0.654075254,0.378284,0.0706289,9.63187,29,1
-0.686511328,0.378284,0.0706289,9.63187,29,1
-0.654634794,0.339977,0.0383072,9.56124,29,1
-0.697524592,0.339977,0.0383072,9.56124,29,1
-0.682451139,0.385466,-0.0011971,9.5816,29,1
-0.657456123,0.385466,-0.0011971,9.5816,29,1
-0.650287444,0.385466,-0.0011971,9.5816,29,1
-0.655617599,0.337582,-0.0371101,9.56603,29,1
-0.675572722,0.337582,-0.0371101,9.56603,29,1
-0.668173937,0.3304,-0.0131681,9.48583,29,1
-0.657985489,0.3304,-0.0131681,9.48583,29,1
-0.67598187,0.3304,-0.0131681,9.48583,29,1
-0.698968689,0.304064,-0.0490811,9.57082,29,1
-0.690417824,0.304064,-0.0490811,9.57082,29,1
-0.673147209,0.304064,-0.0490811,9.57082,29,1
-0.657558747,0.274136,-0.0383072,9.58279,29,1
-0.664969696,0.274136,-0.0383072,9.58279,29,1
-0.656428929,0.251391,-0.0167594,9.53611,29,1
-0.69445145,0.251391,-0.0167594,9.53611,29,1
-0.675828389,0.216675,0.0011971,9.60793,29,1
-0.677073616,0.216675,0.0011971,9.60793,29,1
-0.661136955,0.216675,0.0011971,9.60793,29,1
-0.6832593,0.192733,-0.0407014,9.578,29,1
-0.66085914,0.192733,-0.0407014,9.578,29,1
-0.653747201,0.20231,0.00718261,9.55526,29,1
-0.687979573,0.20231,0.00718261,9.55526,29,1
-0.679435604,0.20231,0.00718261,9.55526,29,1
-0.651669159,0.201113,0.0526724,9.59716,29,1
-0.698671372,0.201113,0.0526724,9.59716,29,1
-0.685456707,0.232238,0.0514753,9.54209,29,1
-0.670388232,0.232238,0.0514753,9.54209,29,1
-0.688440661,0.232238,0.0514753,9.54209,29,1
-0.67657083,0.25618,0.0538695,9.62828,29,1
-0.665775202,0.25618,0.0538695,9.62828,29,1
-0.65397035,0.298078,0.0909797,9.59835,29,1
-0.684833017,0.298078,0.0909797,9.59835,29,1
-0.661152815,0.298078,0.0909797,9.59835,29,1
-0.680342942,0.305261,0.0407014,9.60314,29,1
-0.683524945,0.305261,0.0407014,9.60314,29,1
-0.68286034,0.341174,0.0909797,9.58878,29,1
-0.683969554,0.341174,0.0909797,9.58878,29,1
-0.660114472,0.341174,0.0909797,9.58878,29,1
-0.696361922,0.357933,0.0646434,9.60793,29,1
-0.671062459,0.357933,0.0646434,9.60793,29,1
-0.658927048,0.357933,0.0646434,9.60793,29,1
-0.690542829,0.389058,0.0586579,9.58638,29,1
-0.685784485,0.389058,0.0586579,9.58638,29,1
-0.680123922,0.37589,0.023942,9.51216,29,1
-0.679435261,0.37589,0.023942,9.51216,29,1
-0.68354459,0.320823,0.0275333,9.60314,29,1
-0.696440986,0.320823,0.0275333,9.60314,29,1
-0.670268054,0.320823,0.0275333,9.60314,29,1
-0.687251735,0.324414,0,9.55646,29,1
-0.657668832,0.324414,0,9.55646,29,1
-0.677326955,0.296881,-0.0299275,9.56244,29,1
-0.661089736,0.296881,-0.0299275,9.56244,29,1
-0.670696355,0.296881,-0.0299275,9.56244,29,1
-0.662621553,0.305261,-0.0395043,9.57322,29,1
-0.698208597,0.305261,-0.0395043,9.57322,29,1
-0.694341268,0.269348,-0.0059855,9.54688,29,1
-0.681711261,0.269348,-0.0059855,9.54688,29,1
-0.654683028,0.269348,-0.0059855,9.54688,29,1
-0.669145478,0.207098,-0.0179565,9.53012,29,1
-0.686903019,0.207098,-0.0179565,9.53012,29,1
-0.688519921,0.214281,-0.0263362,9.58998,29,1
-0.675227082,0.214281,-0.0263362,9.58998,29,1
-0.69905659,0.214281,-0.0263362,9.58998,29,1
-0.657799327,0.208296,0.00957681,9.63546,29,1
-0.666173578,0.208296,0.00957681,9.63546,29,1
-0.680809834,0.229843,0.0179565,9.55646,29,1
-0.666907677,0.229843,0.0179565,9.55646,29,1
-0.650632854,0.229843,0.0179565,9.55646,29,1
-0.653337657,0.233435,0.0730232,9.56244,29,1
-0.664649213,0.233435,0.0730232,9.56244,29,1
-0.696690899,0.233435,0.0730232,9.56244,29,1
-0.675647367,0.252588,0.0418985,9.55885,29,1
-0.681579164,0.252588,0.0418985,9.55885,29,1
-0.659687881,0.287304,0.0442927,9.58279,29,1
-0.694853731,0.287304,0.0442927,9.58279,29,1
-0.685842507,0.287304,0.0442927,9.58279,29,1
-0.695003115,0.317232,0.0694318,9.59955,29,1
-0.662327638,0.317232,0.0694318,9.59955,29,1
-0.651208437,0.363919,0.0442927,9.56723,29,1
-0.664891572,0.363919,0.0442927,9.56723,29,1
-0.667387448,0.363919,0.0442927,9.56723,29,1
-0.679988229,0.31364,0.0634463,9.59237,29,1
-0.671317551,0.31364,0.0634463,9.59237,29,1
-0.679563527,0.349553,0.0323217,9.54808,29,1
-0.694734478,0.349553,0.0323217,9.54808,29,1
-0.681970701,0.349553,0.0323217,9.54808,29,1
-0.670521859,0.387861,0.0490811,9.62708,29,1
-0.69329373,0.387861,0.0490811,9.62708,29,1
-0.671420782,0.387861,0.0490811,9.62708,29,1
-0.676122982,0.383072,0.0035913,9.56364,29,1
-0.669242218,0.383072,0.0035913,9.56364,29,1
-0.66667367,0.349553,-0.0299275,9.5816,29,1
-0.665714488,0.349553,-0.0299275,9.5816,29,1
-0.673312552,0.307655,-0.0215478,9.5397,29,1
-0.662477785,0.307655,-0.0215478,9.5397,29,1
-0.663482209,0.307655,-0.0215478,9.5397,29,1
-0.650341289,0.304064,-0.0191536,9.59716,29,1
-0.682183828,0.304064,-0.0191536,9.59716,29,1
-0.658948941,0.275333,-0.0251391,9.54808,29,1
-0.66407807,0.275333,-0.0251391,9.54808,29,1
-0.656169771,0.275333,-0.0251391,9.54808,29,1
-0.650865597,0.265756,-0.0263362,9.59117,29,1
-0.681224581,0.265756,-0.0263362,9.59117,29,1
-0.682134511,0.265756,-0.0263362,9.59117,29,1
-0.680912304,0.213084,-0.0215478,9.56603,29,1
-0.663710704,0.213084,-0.0215478,9.56603,29,1
-0.675247469,0.195127,-0.0275333,9.54808,29,1
-0.671521402,0.195127,-0.0275333,9.54808,29,1
-0.694925724,0.199916,-0.0191536,9.53012,29,1
-0.672206422,0.199916,-0.0191536,9.53012,29,1
-0.658012364,0.199916,-0.0191536,9.53012,29,1
-0.675537378,0.172383,0.0323217,9.59237,29,1
-0.67048595,0.172383,0.0323217,9.59237,29,1
-0.669315807,0.257377,0.0311246,9.57561,29,1
-0.65321402,0.257377,0.0311246,9.57561,29,1
-0.687826933,0.257377,0.0311246,9.57561,29,1
-0.693924997,0.251391,0.0574608,9.60195,29,1
-0.667254792,0.251391,0.0574608,9.60195,29,1
-0.690893998,0.282516,0.0634463,9.57202,29,1
-0.663697393,0.282516,0.0634463,9.57202,29,1
-0.651136858,0.282516,0.0634463,9.57202,29,1
-0.694316305,0.302867,0.0023942,9.55406,29,1
-0.680100066,0.302867,0.0023942,9.55406,29,1
-0.66480977,0.33878,0.094571,9.59596,29,1
-0.698748607,0.33878,0.094571,9.59596,29,1
-0.657949127,0.33878,0.094571,9.59596,29,1
-0.651992159,0.377087,0.0538695,9.61871,29,1
-0.650097494,0.377087,0.0538695,9.61871,29,1
-0.668617327,0.336385,0.0550666,9.55406,29,1
-0.696582105,0.336385,0.0550666,9.55406,29,1
-0.689311669,0.336385,0.0550666,9.55406,29,1
-0.66534947,0.371101,0.0514753,9.55047,29,1
-0.662843235,0.371101,0.0514753,9.55047,29,1
-0.672408643,0.349553,0.00957681,9.56843,29,1
-0.682033302,0.349553,0.00957681,9.56843,29,1
-0.675953205,0.349553,0.00957681,9.56843,29,1
-0.669724747,0.348356,-0.0011971,9.54089,29,1
-0.660548101,0.348356,-0.0011971,9.54089,29,1
-0.674902381,0.3304,-0.0299275,9.57202,29,1
-0.678669638,0.3304,-0.0299275,9.57202,29,1
-0.681764409,0.3304,-0.0299275,9.57202,29,1
-0.652477857,0.308852,-0.0227449,9.57322,29,1
-0.65665207,0.308852,-0.0227449,9.57322,29,1
-0.665792592,0.270545,0,9.53132,29,1
-0.671301836,0.270545,0,9.53132,29,1
-0.6749172,0.270545,0,9.53132,29,1
-0.674828284,0.244209,-0.00837971,9.59716,29,1
-0.675099206,0.244209,-0.00837971,9.59716,29,1
-0.658413211,0.248997,-0.0454898,9.55646,29,1
-0.665288581,0.248997,-0.0454898,9.55646,29,1
-0.67855356,0.248997,-0.0454898,9.55646,29,1
-0.677921225,0.208296,-0.0454898,9.63307,29,1
-0.696303933,0.208296,-0.0454898,9.63307,29,1
-0.697950757,0.226252,-0.0011971,9.56962,29,1
-0.695229166,0.226252,-0.0011971,9.56962,29,1
-0.681931484,0.226252,-0.0011971,9.56962,29,1
-0.662243742,0.181959,0.0454898,9.59716,29,1
-0.688095159,0.181959,0.0454898,9.59716,29,1
-0.655185544,0.181959,0.0454898,9.59716,29,1
-0.66534553,0.225055,0.0622492,9.54568,29,1
-0.676629503,0.225055,0.0622492,9.54568,29,1
-0.668028113,0.259771,0.0395043,9.56723,29,1
-0.662244532,0.259771,0.0395043,9.56723,29,1
-0.664009013,0.259771,0.0395043,9.56723,29,1
-0.662468049,0.283713,0.0730232,9.62948,29,1
-0.65583234,0.283713,0.0730232,9.62948,29,1
-0.659538229,0.326809,0.0826,9.55167,29,1
-0.682044375,0.326809,0.0826,9.55167,29,1
-0.673237337,0.326809,0.0826,9.55167,29,1
-0.659022874,0.296881,0.0730232,9.57561,29,1
-0.699378763,0.296881,0.0730232,9.57561,29,1
-0.656238594,0.351948,0.0754174,9.61152,29,1
-0.664547741,0.351948,0.0754174,9.61152,29,1
-0.688916374,0.351948,0.0754174,9.61152,29,1
-0.688970235,0.377087,0.0299275,9.55526,29,1
-0.68948043,0.377087,0.0299275,9.55526,29,1
-0.681222006,0.366313,0.0323217,9.62589,29,1
-0.657460865,0.366313,0.0323217,9.62589,29,1
-0.677930612,0.350751,0.0203507,9.54209,29,1
-0.672666602,0.350751,0.0203507,9.54209,29,1
-0.65200184,0.350751,0.0203507,9.54209,29,1
-0.670594935,0.311246,-0.00957681,9.57202,29,1
-0.682554875,0.311246,-0.00957681,9.57202,29,1
-0.680720311,0.311246,-0.00957681,9.57202,29,1
-0.684560604,0.336385,-0.0179565,9.54927,29,1
-0.659796644,0.336385,-0.0179565,9.54927,29,1
-0.681377479,0.288501,-0.0418985,9.59596,29,1
-0.69073743,0.288501,-0.0418985,9.59596,29,1
-0.67375522,0.288501,-0.0418985,9.59596,29,1
-0.686268139,0.27653,-0.0023942,9.56843,29,1
-0.672108852,0.27653,-0.0023942,9.56843,29,1
-0.655743887,0.263362,-0.047884,9.55047,29,1
-0.662090599,0.263362,-0.047884,9.55047,29,1
-0.655838313,0.263362,-0.047884,9.55047,29,1
-0.690435053,0.217872,-0.0347159,9.60075,29,1
-0.660725603,0.217872,-0.0347159,9.60075,29,1
-0.659780165,0.219069,-0.0227449,9.54688,29,1
-0.688386881,0.219069,-0.0227449,9.54688,29,1
-0.657250422,0.219069,-0.0227449,9.54688,29,1
-0.698938808,0.189142,-0.0023942,9.61152,29,1
-0.670719627,0.189142,-0.0023942,9.61152,29,1
-0.652285025,0.211887,0.0203507,9.63068,29,1
-0.687928368,0.211887,0.0203507,9.63068,29,1
-0.678219318,0.211887,0.0203507,9.63068,29,1
-0.691784665,0.229843,0.0227449,9.54209,29,1
-0.654546552,0.229843,0.0227449,9.54209,29,1
-0.656829975,0.233435,0.0670376,9.5804,29,1
-0.678900887,0.233435,0.0670376,9.5804,29,1
-0.684394825,0.233435,0.0670376,9.5804,29,1
-0.663740615,0.268151,0.071826,9.56244,29,1
-0.657832098,0.268151,0.071826,9.56244,29,1
-0.677096218,0.31364,0.0622492,9.60793,29,1
-0.663224907,0.31364,0.0622492,9.60793,29,1
-0.690536064,0.31364,0.0622492,9.60793,29,1
-0.6660797,0.361524,0.059855,9.56364,29,1
-0.681703361,0.361524,0.059855,9.56364,29,1
-0.690798124,0.345962,0.0574608,9.65582,29,1
-0.693152454,0.345962,0.0574608,9.65582,29,1
-0.661858731,0.345962,0.0574608,9.65582,29,1
-0.687616519,0.377087,0.105345,9.52892,29,1
-0.677674608,0.377087,0.105345,9.52892,29,1
-0.661870743,0.366313,0.0287304,9.60793,29,1
-0.680958327,0.366313,0.0287304,9.60793,29,1
-0.670974583,0.366313,0.0287304,9.60793,29,1
-0.652044628,0.363919,0.0023942,9.61392,29,1
-0.688466377,0.363919,0.0023942,9.61392,29,1
-0.691467065,0.371101,0.0023942,9.56843,29,1
-0.658442012,0.371101,0.0023942,9.56843,29,1
-0.65939223,0.371101,0.0023942,9.56843,29,1
-0.66119148,0.289698,-0.0215478,9.61631,29,1
-0.666622575,0.289698,-0.0215478,9.61631,29,1
-0.680132764,0.299275,-0.0191536,9.53132,29,1
-0.690348721,0.299275,-0.0191536,9.53132,29,1
-0.661071558,0.299275,-0.0191536,9.53132,29,1
-0.694466042,0.283713,-0.0227449,9.55885,29,1
-0.662795818,0.283713,-0.0227449,9.55885,29,1
-0.663264209,0.258574,-0.0299275,9.54089,29,1
-0.661182302,0.258574,-0.0299275,9.54089,29,1
-0.654236543,0.258574,-0.0299275,9.54089,29,1
-0.651896088,0.222661,-0.0371101,9.56723,29,1
-0.669330395,0.222661,-0.0371101,9.56723,29,1
-0.667909537,0.195127,-0.00957681,9.60673,29,1
-0.670130224,0.195127,-0.00957681,9.60673,29,1
-0.692394394,0.195127,-0.00957681,9.60673,29,1
-0.65643811,0.208296,-0.0215478,9.4966,29,1
-0.692289988,0.208296,-0.0215478,9.4966,29,1
-0.659937797,0.199916,0.0131681,9.62948,29,1
-0.684800761,0.199916,0.0131681,9.62948,29,1
-0.654542482,0.199916,0.0131681,9.62948,29,1
-0.665493624,0.251391,0.0634463,9.55885,29,1
-0.658910922,0.251391,0.0634463,9.55885,29,1
-0.68896022,0.251391,0.0634463,9.55885,29,1
-0.671046406,0.240617,0.0610521,9.58638,29,1
-0.663378512,0.240617,0.0610521,9.58638,29,1
-0.651683748,0.266953,0.0646434,9.62828,29,1
-0.66144076,0.266953,0.0646434,9.62828,29,1
-0.673518271,0.266953,0.0646434,9.62828,29,1
-0.695140424,0.275333,0.0634463,9.60434,29,1
-0.681597973,0.275333,0.0634463,9.60434,29,1
-0.688777243,0.318429,0.0418985,9.63666,29,1
-0.675499504,0.318429,0.0418985,9.63666,29,1
-0.667698381,0.318429,0.0418985,9.63666,29,1
-0.685823852,0.360327,0.0646434,9.56244,29,1
-0.651589207,0.360327,0.0646434,9.56244,29,1
-0.681581906,0.343568,0.0502782,9.6223,29,1
-0.656062557,0.343568,0.0502782,9.6223,29,1
-0.676644727,0.343568,0.0502782,9.6223,29,1
-0.67547024,0.31364,0.0670376,9.50259,29,1
-0.685436543,0.31364,0.0670376,9.50259,29,1
-0.683776852,0.345962,0.0191536,9.58758,29,1
-0.67296504,0.345962,0.0191536,9.58758,29,1
-0.689111188,0.345962,0.0191536,9.58758,29,1
-0.694410532,0.33878,-0.00957681,9.58878,29,1
-1.373670276,0.33878,-0.00957681,9.58878,29,1
-1.325836007,0.355539,0.0059855,9.60673,29,0
-1.328860375,0.355539,0.0059855,9.60673,29,0
-1.321889314,0.355539,0.0059855,9.60673,29,0
-1.373417517,0.306458,-0.0323217,9.55406,29,0
-1.300908249,0.306458,-0.0323217,9.55406,29,0
-1.341299306,0.306458,-0.0323217,9.55406,29,0
-1.392800642,0.271742,-0.0227449,9.56484,29,0
-1.399003206,0.271742,-0.0227449,9.56484,29,0
-1.323369932,0.266953,-0.0155623,9.57441,29,0
-1.362360879,0.266953,-0.0155623,9.57441,29,0
-1.367574622,0.252588,-0.023942,9.58279,29,0
-1.347083465,0.252588,-0.023942,9.58279,29,0
-1.362357248,0.252588,-0.023942,9.58279,29,0
-1.324586798,0.197522,-0.023942,9.53491,29,0
-1.346069399,0.197522,-0.023942,9.53491,29,0
-1.306687842,0.213084,-0.0299275,9.60913,29,0
-1.318184439,0.213084,-0.0299275,9.60913,29,0
-1.335880321,0.213084,-0.0299275,9.60913,29,0
-1.368062876,0.211887,-0.00837971,9.54808,29,0
-1.302517074,0.211887,-0.00837971,9.54808,29,0
-1.335825289,0.197522,0.071826,9.56962,29,0
-1.394741279,0.197522,0.071826,9.56962,29,0
-1.383732004,0.197522,0.071826,9.56962,29,0
-1.389006838,0.225055,0.059855,9.55526,29,0
-1.333840305,0.225055,0.059855,9.55526,29,0
-1.355646327,0.28491,0.0311246,9.59955,29,0
-1.389823792,0.28491,0.0311246,9.59955,29,0
-1.340494458,0.28491,0.0311246,9.59955,29,0
-1.355384688,0.265756,0.0694318,9.55526,29,0
-1.389701119,0.265756,0.0694318,9.55526,29,0
-1.325107207,0.333991,0.0323217,9.56364,29,0
-1.31243122,0.333991,0.0323217,9.56364,29,0
-1.331389117,0.333991,0.0323217,9.56364,29,0
-1.321214194,0.320823,0.0658405,9.59476,29,0
-1.381055414,0.320823,0.0658405,9.59476,29,0
-1.339346464,0.387861,0.0622492,9.5816,29,0
-1.323035428,0.387861,0.0622492,9.5816,29,0
-1.384762223,0.387861,0.0622492,9.5816,29,0
-1.371749908,0.380678,0.0275333,9.51815,29,0
-1.376100426,0.380678,0.0275333,9.51815,29,0
-1.310146196,0.344765,0.0430956,9.63786,29,0
-1.300636043,0.344765,0.0430956,9.63786,29,0
-1.300466254,0.344765,0.0430956,9.63786,29,0
-1.344240624,0.339977,-0.0035913,9.54089,29,0
-1.301465641,0.339977,-0.0035913,9.54089,29,0
-1.341622063,0.320823,-0.0407014,9.60913,29,0
-1.365981873,0.320823,-0.0407014,9.60913,29,0
-1.373297622,0.320823,-0.0407014,9.60913,29,0
-1.329094521,0.296881,-0.0167594,9.59955,29,0
-1.313733361,0.296881,-0.0167594,9.59955,29,0
-1.365882971,0.296881,-0.0167594,9.59955,29,0
-1.395321484,0.308852,-0.0215478,9.58279,29,0
-1.32197165,0.308852,-0.0215478,9.58279,29,0
-1.335352775,0.250194,0.0047884,9.56124,29,0
-1.320097112,0.250194,0.0047884,9.56124,29,0
-1.313597008,0.245406,-0.0311246,9.56723,29,0
-1.355401744,0.245406,-0.0311246,9.56723,29,0
-1.330315833,0.245406,-0.0311246,9.56723,29,0
-1.337303643,0.221464,-0.0251391,9.58998,29,0
-1.332098577,0.221464,-0.0251391,9.58998,29,0
-1.355190495,0.240617,-0.0466869,9.56364,29,0
-1.359489934,0.240617,-0.0466869,9.56364,29,0
-1.362637796,0.240617,-0.0466869,9.56364,29,0
-1.362767464,0.204704,0.0383072,9.58638,29,0
-1.320981002,0.204704,0.0383072,9.58638,29,0
-1.352203748,0.204704,0.0383072,9.58638,29,0
-1.388164355,0.199916,0.0694318,9.57202,29,0
-1.319296762,0.199916,0.0694318,9.57202,29,0
-1.308017007,0.233435,0.0526724,9.58638,29,0
-1.324014382,0.233435,0.0526724,9.58638,29,0
-1.366389129,0.233435,0.0526724,9.58638,29,0
-1.332717164,0.246603,0.0550666,9.6211,29,0
-1.349848293,0.246603,0.0550666,9.6211,29,0
-1.340194879,0.312443,0.0658405,9.56124,29,0
-1.384716701,0.312443,0.0658405,9.56124,29,0
-1.336541128,0.312443,0.0658405,9.56124,29,0
-1.383200077,0.295684,0.0622492,9.56962,29,0
-1.337358071,0.295684,0.0622492,9.56962,29,0
-1.371704061,0.301669,0.0826,9.5804,29,0
-1.343359989,0.301669,0.0826,9.5804,29,0
-1.357737177,0.301669,0.0826,9.5804,29,0
-1.348290966,0.369904,0.0514753,9.54808,29,0
-1.352366504,0.369904,0.0514753,9.54808,29,0
-1.396679387,0.356736,0.0706289,9.6211,29,0
-1.386375331,0.356736,0.0706289,9.6211,29,0
-1.319098767,0.356736,0.0706289,9.6211,29,0
-1.391087443,0.389058,0.059855,9.57441,29,0
-1.326447238,0.389058,0.059855,9.57441,29,0
-1.32771693,0.336385,0.0131681,9.61751,29,0
-1.338690906,0.336385,0.0131681,9.61751,29,0
-1.353697392,0.336385,0.0131681,9.61751,29,0
-1.357740306,0.348356,-0.0035913,9.50378,29,0
-1.378642278,0.348356,-0.0035913,9.50378,29,0
-1.38547299,0.331597,-0.00718261,9.60673,29,0
-1.301586494,0.331597,-0.00718261,9.60673,29,0
-1.398782463,0.331597,-0.00718261,9.60673,29,0
-1.376910364,0.295684,-0.0287304,9.50498,29,0
-1.37578858,0.295684,-0.0287304,9.50498,29,0
-1.372338329,0.289698,-0.0263362,9.57681,29,0
-1.334779698,0.289698,-0.0263362,9.57681,29,0
-1.310905731,0.289698,-0.0263362,9.57681,29,0
-1.322397553,0.25618,-0.0251391,9.52054,29,0
-1.308095268,0.25618,-0.0251391,9.52054,29,0
-1.317137062,0.209493,-0.0347159,9.57082,29,0
-1.312821956,0.209493,-0.0347159,9.57082,29,0
-1.3585415,0.209493,-0.0347159,9.57082,29,0
-1.330587523,0.189142,-0.0395043,9.58279,29,0
-1.350528015,0.189142,-0.0395043,9.58279,29,0
-1.359895193,0.266953,0.0407014,9.54927,29,0
-1.361869691,0.266953,0.0407014,9.54927,29,0
-1.360022267,0.266953,0.0407014,9.54927,29,0
-1.356155328,0.271742,0.0383072,9.5373,29,0
-1.397656933,0.271742,0.0383072,9.5373,29,0
-1.347008838,0.262165,0.0610521,9.48463,29,0
-1.373190612,0.262165,0.0610521,9.48463,29,0
-1.36780004,0.262165,0.0610521,9.48463,29,0
-1.328628998,0.353145,0.047884,9.42238,29,0
-1.36219046,0.353145,0.047884,9.42238,29,0
-1.344253403,0.417788,0.0407014,9.47505,29,0
-1.324789659,0.417788,0.0407014,9.47505,29,0
-1.359855573,0.417788,0.0407014,9.47505,29,0
-1.301720889,0.503979,0.0502782,9.4954,29,0
-1.364155205,0.503979,0.0502782,9.4954,29,0
-1.358672446,0.567426,0.0646434,9.55167,29,0
-1.395906707,0.567426,0.0646434,9.55167,29,0
-1.386214555,0.567426,0.0646434,9.55167,29,0
-1.301534756,0.628478,0.0574608,9.55167,29,0
-1.339354793,0.628478,0.0574608,9.55167,28,0
-1.304874734,0.628478,0.0574608,9.55167,28,0
-1.366556579,0.654814,0.0502782,9.55167,28,0
-1.364486992,0.654814,0.0502782,9.55167,28,0
-1.377303235,0.717063,0.0227449,9.60554,28,0
-1.323689657,0.717063,0.0227449,9.60554,28,0
-1.310137177,0.7434,-0.0251391,9.61511,28,0
-1.33232509,0.7434,-0.0251391,9.61511,28,0
-1.355285623,0.7434,-0.0251391,9.61511,28,0
-1.335681568,0.791284,-0.0502782,9.54209,28,0
-1.399073116,0.791284,-0.0502782,9.54209,28,0
-1.327913723,0.812831,-0.047884,9.48942,28,0
-1.305796047,0.812831,-0.047884,9.48942,28,0
-1.350737328,0.812831,-0.047884,9.48942,28,0
-1.372828621,0.842759,-0.0849942,9.44393,28,0
-1.329538337,0.842759,-0.0849942,9.44393,28,0
-1.399924936,0.842759,-0.0849942,9.44393,28,0
-1.378673662,0.849942,-0.0897826,9.43076,27,0
-1.392132819,0.849942,-0.0897826,9.43076,27,0
-1.381975546,0.888249,-0.0454898,9.47745,27,0
-1.305372855,0.888249,-0.0454898,9.47745,27,0
-1.31746595,0.866701,-0.0418985,9.4954,27,0
-1.320409312,0.866701,-0.0418985,9.4954,27,0
-1.393123023,0.849942,-0.0514753,9.56484,27,0
-1.307012076,0.849942,-0.0514753,9.56484,27,0
-1.325048753,0.849942,-0.0514753,9.56484,27,0
-1.323165095,0.849942,-0.0514753,9.56484,27,0
-1.390871296,0.897826,-0.0227449,9.39964,27,0
-1.391750277,0.897826,-0.0227449,9.39964,27,0
-1.312390009,0.944513,-0.00837971,9.3302,27,0
-1.392031064,0.944513,-0.00837971,9.3302,27,0
-1.331218314,0.944513,-0.00837971,9.3302,26,0
-1.353488581,0.956484,0.0251391,9.10275,26,0
-1.390994501,0.956484,0.0251391,9.10275,26,0
-1.383995253,0.94571,-0.0490811,9.11592,26,0
-1.393470994,0.94571,-0.0490811,9.11592,26,0
-1.364473476,0.94571,-0.0490811,9.11592,26,0
-1.357760288,0.957681,-0.0167594,9.06564,26,0
-1.373064519,0.957681,-0.0167594,9.06564,26,0
-1.307448031,0.968455,0.0023942,9.05008,26,0
-1.38771575,0.968455,0.0023942,9.05008,26,0
-1.346990621,0.968455,0.0023942,9.05008,26,0
-1.396692969,0.990002,-0.0299275,9.06445,26,0
-1.383042875,0.990002,-0.0299275,9.06445,26,0
-1.318685294,0.990002,-0.0299275,9.06445,26,0
-1.300133528,1.04028,0.0526724,9.01417,25,0
-1.375901298,1.04028,0.0526724,9.01417,25,0
-1.332253304,0.993594,0.035913,8.94593,25,0
-1.319188706,0.993594,0.035913,8.94593,25,0
-1.351144868,0.981623,-0.0562637,8.76398,25,0
-1.376035298,0.981623,-0.0562637,8.76398,25,0
-1.362225539,0.981623,-0.0562637,8.76398,25,0
-1.39393463,0.980426,-0.0921768,8.72926,25,0
-1.384121438,0.980426,-0.0921768,8.72926,25,0
-1.309189332,0.94571,-0.0670376,8.64187,25,0
-1.370781426,0.94571,-0.0670376,8.64187,25,0
-1.365694069,0.94571,-0.0670376,8.64187,25,0
-1.324400403,0.890643,-0.071826,8.62751,25,0
-1.346491734,0.890643,-0.071826,8.62751,25,0
-1.345542636,0.790087,-0.0047884,8.59638,25,0
-1.334105984,0.790087,-0.0047884,8.59638,25,0
-1.336581667,0.790087,-0.0047884,8.59638,25,0
-1.394964008,0.711078,-0.0933739,8.6311,26,0
-1.339421529,0.711078,-0.0933739,8.6311,26,0
-1.337462991,0.617704,-0.0023942,8.6694,26,0
-1.349607872,0.617704,-0.0023942,8.6694,26,0
-1.332019791,0.617704,-0.0023942,8.6694,26,0
-1.355801585,0.616507,-0.0646434,8.84658,26,0
-1.34354758,0.616507,-0.0646434,8.84658,26,0
-1.302248673,0.492008,-0.142455,8.87291,26,0
-1.307653966,0.492008,-0.142455,8.87291,27,0
-1.35363909,0.492008,-0.142455,8.87291,27,0
-1.393391897,0.411803,-0.160412,9.05367,27,0
-1.326343967,0.411803,-0.160412,9.05367,28,0
-1.362111252,0.355539,-0.0155623,9.10754,28,0
-1.333274893,0.355539,-0.0155623,9.10754,28,0
-1.389012739,0.355539,-0.0155623,9.10754,28,0
-1.369674438,0.302867,0.140061,9.29429,28,0
-1.30873003,0.302867,0.140061,9.29429,28,0
-1.379881039,0.264559,0.167594,9.36013,28,0
-1.3601749,0.264559,0.167594,9.36013,29,0
-1.372324449,0.264559,0.167594,9.36013,29,0
-1.355039569,0.311246,0.140061,9.44991,29,0
-1.312133135,0.311246,0.140061,9.44991,29,0
-1.356904236,0.282516,0.0035913,9.49899,29,0
-1.396502836,0.282516,0.0035913,9.49899,29,0
-1.368515455,0.282516,0.0035913,9.49899,29,0
-1.320753759,0.272939,0.0023942,9.52533,29,0
-1.327042519,0.272939,0.0023942,9.52533,29,0
-1.31706926,0.225055,0.0035913,9.43675,29,0
-1.397021273,0.225055,0.0035913,9.43675,29,0
-1.348803361,0.225055,0.0035913,9.43675,29,0
-1.32339226,0.234632,0.166397,9.47146,29,0
-1.376425142,0.234632,0.166397,9.47146,29,0
-1.390049959,0.259771,0.159214,9.4164,29,0
-1.362918244,0.259771,0.159214,9.4164,29,0
-1.374048958,0.259771,0.159214,9.4164,29,0
-1.364399151,0.203507,0.120907,9.30746,29,0
-1.313157173,0.203507,0.120907,9.30746,29,0
-1.301521494,0.155623,0.0442927,9.21409,29,0
-1.389129293,0.155623,0.0442927,9.21409,29,0
-1.329285641,0.155623,0.0442927,9.21409,29,0
-1.364399874,0.152032,0.0574608,9.2476,29,0
-1.384245881,0.152032,0.0574608,9.2476,29,0
-1.312173421,0.177171,0.094571,9.39964,29,0
-1.371453658,0.177171,0.094571,9.39964,29,0
-1.353609647,0.177171,0.094571,9.39964,29,0
-1.32874282,0.140061,0.0311246,9.29549,29,0
-1.330045589,0.140061,0.0311246,9.29549,29,0
-1.334031741,0.0574608,-0.0143652,9.31464,29,0
-1.363753514,0.0574608,-0.0143652,9.31464,29,0
-1.347695656,0.0574608,-0.0143652,9.31464,30,0
-1.300296275,0.0191536,-0.047884,9.21169,30,0
-1.357392174,0.0191536,-0.047884,9.21169,30,0
-1.387318369,0.00957681,-0.0610521,9.23922,30,0
-1.323703445,0.00957681,-0.0610521,9.23922,30,0
-1.318170373,0.00957681,-0.0610521,9.23922,30,0
-1.384457922,0.0502782,-0.161609,9.35295,30,0
-1.324379387,0.0502782,-0.161609,9.35295,30,0
-1.391099712,0.0502782,-0.161609,9.35295,30,0
-1.359545499,0.00718261,-0.184354,9.32901,30,0
-1.366636242,0.00718261,-0.184354,9.32901,30,0
-1.363299244,-0.0454898,-0.0167594,9.38647,30,0
-1.373526725,-0.0454898,-0.0167594,9.38647,30,0
-1.375798404,-0.0454898,-0.0167594,9.38647,30,0
-1.392062317,-0.113725,0.138864,9.27633,30,0
-1.308761443,-0.113725,0.138864,9.27633,30,0
-1.351542718,-0.0885855,0.148441,9.28112,30,0
-1.357181046,-0.0885855,0.148441,9.28112,30,0
-1.390695858,-0.0885855,0.148441,9.28112,30,0
-1.369803851,-0.0466869,0.0802058,9.24282,30,0
-1.313210096,-0.0466869,0.0802058,9.24282,30,0
-1.384499092,-0.0969652,0.0311246,9.25119,30,0
-1.389030637,-0.0969652,0.0311246,9.25119,30,0
-1.389200925,-0.0969652,0.0311246,9.25119,30,0
-1.387429645,-0.0670376,-0.0586579,9.32422,30,0
-1.33298573,-0.0670376,-0.0586579,9.32422,30,0
-1.349902487,-0.0418985,-0.0634463,9.35295,30,0
-1.397105159,-0.0418985,-0.0634463,9.35295,30,0
-1.332506236,-0.0418985,-0.0634463,9.35295,30,0
-1.392860808,-0.101754,-0.0263362,9.49899,30,0
-1.349221973,-0.101754,-0.0263362,9.49899,30,0
-1.371915547,-0.0778116,0.0323217,9.52174,30,0
-1.308768152,-0.0778116,0.0323217,9.52174,31,0
-1.374607462,-0.0778116,0.0323217,9.52174,31,0
-1.32070204,-0.0849942,0.125696,9.58638,31,0
-1.393638259,-0.0849942,0.125696,9.58638,31,0
-1.36025953,-0.0849942,0.125696,9.58638,31,0
-1.350558808,-0.094571,0.12809,9.58279,31,0
-1.357461301,-0.094571,0.12809,9.58279,31,0
-1.399431825,-0.0981623,0.011971,9.52653,31,0
-1.339894968,-0.0981623,0.011971,9.52653,31,0
-1.35139812,-0.161609,-0.0634463,9.65462,31,0
-1.311237968,-0.161609,-0.0634463,9.65462,31,0
-1.334130265,-0.161609,-0.0634463,9.65462,31,0
-1.357345029,-0.114922,-0.168791,9.48583,31,0
-1.357333271,-0.114922,-0.168791,9.48583,31,0
-1.314273148,-0.148441,0.0275333,9.51216,31,0
-1.392897668,-0.148441,0.0275333,9.51216,31,0
-1.397552428,-0.148441,0.0275333,9.51216,31,0
-1.322678885,-0.196325,0.217872,9.46667,31,0
-1.316190217,-0.196325,0.217872,9.46667,31,0
-1.335575988,-0.213084,0.172383,9.34936,31,0
-1.355293796,-0.213084,0.172383,9.34936,31,0
-1.371136507,-0.213084,0.172383,9.34936,31,0
-1.394808853,-0.181959,0.0730232,9.19613,31,0
-1.369739308,-0.181959,0.0730232,9.19613,31,0
-1.389937133,-0.183156,-0.0442927,9.17817,31,0
-1.382965394,-0.183156,-0.0442927,9.17817,31,0
-1.321135441,-0.223858,-0.0383072,9.30866,31,0
-1.318208906,-0.223858,-0.0383072,9.30866,31,0
-1.324072462,-0.223858,-0.0383072,9.30866,31,0
-1.301882543,-0.2478,-0.0873884,9.49301,31,0
-1.346787919,-0.2478,-0.0873884,9.49301,31,0
-1.389227559,-0.2478,-0.0873884,9.49301,31,0
-1.353964558,-0.189142,-0.0179565,9.65103,31,0
-1.345367529,-0.189142,-0.0179565,9.65103,31,0
-1.380205039,-0.189142,-0.0179565,9.65103,31,0
-1.323357364,-0.100556,0.214281,9.36731,32,0
-1.387721222,-0.100556,0.214281,9.36731,32,0
-1.346566156,-0.114922,0.365116,9.20331,32,0
-1.350166631,-0.114922,0.365116,9.20331,32,0
-1.38822743,-0.21069,0.221464,9.01656,32,0
-1.314763426,-0.21069,0.221464,9.01656,32,0
-1.360505677,-0.21069,0.221464,9.01656,31,0
-1.380679825,-0.160412,0.0275333,9.19254,31,0
-1.353973699,-0.160412,0.0275333,9.19254,31,0
-1.394677348,-0.134075,-0.0131681,9.13388,31,0
-1.317297405,-0.134075,-0.0131681,9.13388,32,0
-1.359404737,-0.134075,-0.0131681,9.13388,32,0
-1.358913605,-0.144849,0.108936,9.4152,32,0
-1.366371082,-0.144849,0.108936,9.4152,32,0
-1.340682713,-0.102951,0.166397,9.52294,32,0
-1.361378788,-0.102951,0.166397,9.52294,32,0
-1.312080416,-0.102951,0.166397,9.52294,32,0
-1.361952622,-0.0837971,0.197522,9.50139,32,0
-1.386431826,-0.0837971,0.197522,9.50139,32,0
-1.315511941,-0.104148,0.227449,9.48702,32,0
-1.35970634,-0.104148,0.227449,9.48702,32,0
-1.307612017,-0.104148,0.227449,9.48702,32,0
-1.343132209,-0.164003,0.107739,9.52773,32,0
-1.301870997,-0.164003,0.107739,9.52773,32,0
-1.310590354,-0.118513,0.00837971,9.52294,31,0
-1.310458829,-0.118513,0.00837971,9.52294,31,0
-1.360210964,-0.118513,0.00837971,9.52294,31,0
-1.322555322,-0.135272,0.0802058,9.46548,32,0
-1.338760831,-0.135272,0.0802058,9.46548,32,0
-1.359530632,-0.135272,0.0802058,9.46548,32,0
-1.318354577,-0.203507,0.180762,9.62349,32,0
-1.372594524,-0.203507,0.180762,9.62349,32,0
-1.391271872,-0.183156,0.244209,9.46189,32,0
-1.398421268,-0.183156,0.244209,9.46189,32,0
-1.345920666,-0.183156,0.244209,9.46189,32,0
-1.380095434,-0.169988,0.102951,9.22366,32,0
-1.361748374,-0.169988,0.102951,9.22366,32,0
-1.312019954,-0.184354,0.047884,9.18416,32,0
-1.352201325,-0.184354,0.047884,9.18416,32,0
-1.389628156,-0.184354,0.047884,9.18416,32,0
-1.343323373,-0.216675,0.0227449,9.33499,32,0
-1.316941011,-0.216675,0.0227449,9.33499,31,0
-1.306797114,-0.1652,0.0490811,9.4571,31,0
-1.35514755,-0.1652,0.0490811,9.4571,31,0
-1.356129377,-0.1652,0.0490811,9.4571,31,0
-1.314372319,-0.0933739,0.106542,9.55765,32,0
-1.324773927,-0.0933739,0.106542,9.55765,32,0
-1.32900852,-0.0646434,0.290895,9.39604,32,0
-1.350810005,-0.0646434,0.290895,9.39604,31,0
-1.32579838,-0.0646434,0.290895,9.39604,31,0
-1.397358208,-0.0275333,0.380678,9.18416,31,0
-1.359863349,-0.0275333,0.380678,9.18416,31,0
-1.330330355,-0.0335188,0.147243,9.09438,31,0
-1.398814316,-0.0335188,0.147243,9.09438,31,0
-1.302884308,-0.0335188,0.147243,9.09438,31,0
-1.311802521,-0.0347159,0.135272,9.0441,31,0
-1.39939751,-0.0347159,0.135272,9.0441,31,0
-1.306813219,-0.0586579,0.144849,9.31464,31,0
-1.385089046,-0.0586579,0.144849,9.31464,31,0
-1.321654238,-0.0586579,0.144849,9.31464,31,0
-1.369133383,-0.035913,0.142455,9.46308,31,0
-1.327621842,-0.035913,0.142455,9.46308,31,0
-1.363208557,-0.035913,0.142455,9.46308,31,0
-1.368715276,-0.0179565,0.174777,9.4966,31,0
-1.315200262,-0.0179565,0.174777,9.4966,31,0
-1.380155598,-0.0167594,0.144849,9.49062,31,0
-1.365480242,-0.0167594,0.144849,9.49062,31,0
-1.303538771,-0.0562637,0.23942,9.48583,31,0
-1.315161766,-0.0562637,0.23942,9.48583,31,0
-1.398831941,-0.0562637,0.23942,9.48583,31,0
-1.317284488,-0.106542,0.132878,9.57561,31,0
-1.375854345,-0.106542,0.132878,9.57561,31,0
-1.337058209,-0.0550666,0.0323217,9.7863,31,0
-1.393706809,-0.0550666,0.0323217,9.7863,31,0
-1.382536269,-0.0550666,0.0323217,9.7863,31,0
-1.362926131,-0.011971,0.131681,9.76355,31,0
-1.348946983,-0.011971,0.131681,9.76355,30,0
-1.393443284,-0.0263362,-0.0023942,9.58279,30,0
-1.351899242,-0.0263362,-0.0023942,9.58279,30,0
-1.312502076,-0.0263362,-0.0023942,9.58279,30,0
-1.392434812,-0.0814029,-0.0011971,9.31943,30,0
-1.332569294,-0.0814029,-0.0011971,9.31943,30,0
-1.359716845,-0.0203507,-0.0275333,9.28112,30,0
-1.303737022,-0.0203507,-0.0275333,9.28112,30,0
-1.321031218,-0.0203507,-0.0275333,9.28112,30,0
-1.375172003,-0.0203507,-0.0275333,9.28112,30,0
-1.314616847,-0.0107739,-0.0059855,9.43435,30,0
-1.395322172,0,0.0885855,9.52773,30,0
-1.364073967,0,0.0885855,9.52773,30,0
-1.321054026,0,0.0885855,9.52773,30,0
-1.312721812,0.0155623,0.31364,9.40562,30,0
-1.340422709,0.0155623,0.31364,9.40562,30,0
-1.382056241,0.0155623,0.31364,9.40562,30,0
-1.301006098,0.0454898,0.427365,9.30746,30,0
-1.385513122,0.0454898,0.427365,9.30746,30,0
-1.323228719,0.0383072,0.300472,9.33619,30,0
-1.313836558,0.0383072,0.300472,9.33619,30,0
-1.391652216,0.0885855,0.168791,9.27394,30,0
-1.379322062,0.0885855,0.168791,9.27394,30,0
-1.370815848,0.0885855,0.168791,9.27394,30,0
-1.326017931,0.118513,0.204704,9.5385,30,0
-1.306069059,0.118513,0.204704,9.5385,30,0
-1.326037566,0.0957681,0.305261,9.78989,30,0
-1.328703867,0.0957681,0.305261,9.78989,30,0
-1.338161391,0.0957681,0.305261,9.78989,29,0
-1.302123445,0.160412,0.265756,9.88207,29,0
-1.303949285,0.160412,0.265756,9.88207,29,0
-1.374634041,0.160412,0.265756,9.88207,29,0
-1.329174712,0.209493,0.137667,9.8689,29,0
-1.396224564,0.209493,0.137667,9.8689,29,0
-1.391893796,0.192733,0.21069,9.84256,29,0
-1.330191563,0.192733,0.21069,9.84256,30,0
-1.385689855,0.186748,0.229843,9.74201,30,0
-1.316350672,0.186748,0.229843,9.74201,30,0
-1.355650266,0.186748,0.229843,9.74201,29,0
-1.38260221,0.21069,0.102951,9.64504,29,0
-1.388025161,0.21069,0.102951,9.64504,29,0
-1.386101811,0.21069,0.102951,9.64504,29,0
-1.382621627,0.204704,0.0981623,9.70969,28,0
-1.389423477,0.204704,0.0981623,9.70969,28,0
-1.342376667,0.201113,-0.059855,9.53251,28,0
-1.349473256,0.201113,-0.059855,9.53251,28,0
-1.323001626,0.201113,-0.059855,9.53251,28,0
-1.366237061,0.177171,-0.107739,9.35055,28,0
-1.338163572,0.177171,-0.107739,9.35055,28,0
-1.300497422,0.158017,-0.0754174,9.36372,28,0
-1.33056662,0.158017,-0.0754174,9.36372,28,0
-1.371149775,0.158017,-0.0754174,9.36372,28,0
-1.357197686,0.0969652,0.1652,9.32901,28,0
-1.378528415,0.0969652,0.1652,9.32901,28,0
-1.395832023,0.0969652,0.1652,9.32901,28,0
-1.356022772,0.0873884,0.209493,9.25239,28,0
-1.375360807,0.0873884,0.209493,9.25239,28,0
-1.397353244,0.155623,0.323217,9.26077,28,0
-1.305691939,0.155623,0.323217,9.26077,28,0
-1.375861781,0.155623,0.323217,9.26077,28,0
-1.321138222,0.220267,0.324414,9.30746,28,0
-1.368025987,0.220267,0.324414,9.30746,28,0
-1.382416226,0.235829,0.257377,9.46428,28,0
-1.335713938,0.235829,0.257377,9.46428,28,0
-1.390437632,0.228646,0.197522,9.53491,28,0
-1.382383897,0.228646,0.197522,9.53491,28,0
-1.330865167,0.228646,0.197522,9.53491,28,0
-1.370584417,0.228646,0.197522,9.53491,28,0
-1.352661201,0.221464,0.147243,9.49181,28,0
-1.306487005,0.221464,0.147243,9.49181,28,0
-1.324446306,0.203507,0.186748,9.45351,28,0
-1.350296402,0.203507,0.186748,9.45351,28,0
-1.334106095,0.23942,0.317232,9.62589,28,0
-1.365117345,0.23942,0.317232,9.62589,28,0
-1.392531992,0.32202,0.123301,9.73722,27,0
-1.372534372,0.32202,0.123301,9.73722,27,0
-1.337976748,0.32202,0.123301,9.73722,27,0
-1.324768399,0.353145,-0.0658405,9.54568,27,0
-1.356490899,0.353145,-0.0658405,9.54568,27,0
-1.346271641,0.288501,0.0227449,9.50139,27,0
-1.33664196,0.288501,0.0227449,9.50139,27,0
-1.358964496,0.288501,0.0227449,9.50139,28,0
-1.332650122,0.209493,0.229843,9.4978,28,0
-1.389921634,0.209493,0.229843,9.4978,28,0
-1.355495932,0.23104,0.196325,9.4978,27,0
-1.384642652,0.23104,0.196325,9.4978,27,0
-1.388637196,0.23104,0.196325,9.4978,27,0
-1.364710617,0.254982,-0.0263362,9.36253,27,0
-1.323114935,0.254982,-0.0263362,9.36253,26,0
-1.345523838,0.280122,-0.2478,9.44632,26,0
-1.359254483,0.280122,-0.2478,9.44632,26,0
-1.339334379,0.280122,-0.2478,9.44632,26,0
-1.325772422,0.281319,-0.171185,9.54688,26,0
-1.3938079,0.281319,-0.171185,9.54688,26,0
-1.389249536,0.199916,0.0981623,9.25957,26,0
-1.381522945,0.199916,0.0981623,9.25957,26,0
-1.381462303,0.199916,0.0981623,9.25957,26,0
-1.365340959,0.150835,0.158017,9.14824,26,0
-1.31008276,0.150835,0.158017,9.14824,26,0
-1.302302157,0.110133,0.205901,9.03572,26,0
-1.366964185,0.110133,0.205901,9.03572,26,0
-1.304684227,0.110133,0.205901,9.03572,26,0
-1.39847124,0.160412,0.112527,9.11712,26,0
-1.379218816,0.160412,0.112527,9.11712,26,0
-1.396911033,0.253785,0.181959,9.16381,26,0
-1.360917713,0.253785,0.181959,9.16381,26,0
-1.381016118,0.253785,0.181959,9.16381,26,0
-1.353323309,0.219069,0.0179565,9.21169,26,0
-1.320931822,0.219069,0.0179565,9.21169,26,0
-1.33473054,0.136469,0.147243,9.33978,26,0
-1.370112561,0.136469,0.147243,9.33978,26,0
-1.382978965,0.136469,0.147243,9.33978,26,0
-1.345943517,0.136469,0.169988,9.45111,26,0
-1.300359838,0.136469,0.169988,9.45111,26,0
-1.32423989,0.254982,0.113725,9.45949,26,0
-1.39090189,0.254982,0.113725,9.45949,26,0
-1.354844256,0.254982,0.113725,9.45949,26,0
-1.371443046,0.25618,0.117316,9.58399,26,0
-1.398618023,0.25618,0.117316,9.58399,26,0
-1.320982573,0.223858,0.12809,9.71687,26,0
-1.317542248,0.223858,0.12809,9.71687,26,0
-1.351664472,0.223858,0.12809,9.71687,26,0
-1.301708592,0.246603,-0.023942,9.67976,26,0
-1.348276652,0.246603,-0.023942,9.67976,26,0
-1.301266273,0.20231,0.0371101,9.62469,26,0
-1.356248269,0.20231,0.0371101,9.62469,26,0
-1.32046048,0.20231,0.0371101,9.62469,26,0
-1.312787202,0.116119,0.199916,9.60195,26,0
-1.374225456,0.116119,0.199916,9.60195,26,0
-1.364607661,0.178368,-0.0742203,9.52413,26,0
-1.348234833,0.178368,-0.0742203,9.52413,26,0
-1.397423743,0.178368,-0.0742203,9.52413,26,0
-1.337542169,0.243011,-0.235829,9.38407,26,0
-1.386011992,0.243011,-0.235829,9.38407,25,0
-1.3047319,0.243011,-0.235829,9.38407,25,0
-1.384024544,0.147243,-0.232238,9.65103,25,0
-1.356502785,0.147243,-0.232238,9.65103,25,0
-1.381649869,0.0610521,0.0335188,9.40323,25,0
-1.399721003,0.0610521,0.0335188,9.40323,25,0
-1.399978223,0.0610521,0.0335188,9.40323,25,0
-1.359142111,0.00718261,0.0562637,9.16022,25,0
-1.333782935,0.00718261,0.0562637,9.16022,25,0
-1.361675908,-0.0131681,0.12809,9.11832,25,0
-1.307225685,-0.0131681,0.12809,9.11832,25,0
-1.37353387,-0.0131681,0.12809,9.11832,25,0
-1.364698765,0.0933739,-0.0969652,9.26197,25,0
-1.32303637,0.0933739,-0.0969652,9.26197,25,0
-1.328526657,0.167594,0.179565,9.23803,25,0
-1.374766049,0.167594,0.179565,9.23803,25,0
-1.372469922,0.167594,0.179565,9.23803,25,0
-1.316410247,0.159214,0.110133,9.31823,25,0
-1.378068944,0.159214,0.110133,9.31823,25,0
-1.328836473,0.0826,0.0311246,9.29908,25,0
-1.318797455,0.0826,0.0311246,9.29908,25,0
-1.320876399,0.0826,0.0311246,9.29908,25,0
-1.36688219,0.105345,0.250194,9.37689,25,0
-1.344489583,0.105345,0.250194,9.37689,25,0
-1.329502019,0.108936,0.295684,9.46189,25,0
-1.372182963,0.108936,0.295684,9.46189,25,0
-1.387329572,0.108936,0.295684,9.46189,25,0
-1.31657544,0.217872,0.116119,9.47745,25,0
-1.305069661,0.217872,0.116119,9.47745,25,0
-1.337976137,0.265756,-0.0227449,9.54927,25,0
-1.350084397,0.265756,-0.0227449,9.54927,25,0
-1.315542139,0.265756,-0.0227449,9.54927,25,0
-1.351970734,0.180762,0.0706289,9.56005,25,0
-1.31145083,0.180762,0.0706289,9.56005,25,0
-1.380811048,0.175974,0.189142,9.59237,25,0
-1.369836833,0.175974,0.189142,9.59237,25,0
-1.343646885,0.175974,0.189142,9.59237,25,0
-1.376800829,0.198719,0.129287,9.68574,25,0
-1.394275815,0.198719,0.129287,9.68574,25,0
-1.308735527,0.219069,-0.108936,9.58399,25,0
-1.394240979,0.219069,-0.108936,9.58399,25,0
-1.327346746,0.219069,-0.108936,9.58399,25,0
-1.310881767,0.2478,-0.318429,9.63427,24,0
-1.347041553,0.2478,-0.318429,9.63427,24,0
-1.304946785,0.266953,-0.0574608,9.30985,24,0
-1.364114602,0.266953,-0.0574608,9.30985,24,0
-1.327854865,0.266953,-0.0574608,9.30985,24,0
-1.317977228,0.146046,0.0766145,9.4559,24,0
-1.303917194,0.146046,0.0766145,9.4559,24,0
-1.396569446,0.118513,-0.0203507,9.48702,24,0
-1.302242077,0.118513,-0.0203507,9.48702,24,0
-1.348876762,0.118513,-0.0203507,9.48702,24,0
-1.363943252,0.166397,-0.0550666,9.52294,24,0
-1.302293013,0.166397,-0.0550666,9.52294,24,0
-1.333509243,0.241814,-0.149638,9.58519,24,0
-1.360998954,0.241814,-0.149638,9.58519,24,0
-1.390599845,0.241814,-0.149638,9.58519,24,0
-1.389697424,0.241814,-0.149638,9.58519,24,0
-1.358010671,0.190339,0.0430956,9.50019,24,0
-1.35463088,0.190339,0.0430956,9.50019,24,0
-1.386807062,0.166397,0.0371101,9.49421,24,0
-1.368864336,0.166397,0.0371101,9.49421,24,0
-1.383294055,0.186748,0.169988,9.63427,24,0
-1.311553687,0.186748,0.169988,9.63427,24,0
-1.302338893,0.222661,0.105345,9.73722,24,0
-1.324123403,0.222661,0.105345,9.73722,24,0
-1.33256239,0.222661,0.105345,9.73722,24,0
-1.383569644,0.331597,0.0430956,9.78271,24,0
-1.343368477,0.331597,0.0430956,9.78271,24,0
-1.333474828,0.363919,-0.122104,9.95389,24,0
-1.364820989,0.363919,-0.122104,9.95389,24,0
-1.339829926,0.363919,-0.122104,9.95389,24,0
-1.39660146,0.348356,-0.222661,9.85813,24,0
-1.368463605,0.348356,-0.222661,9.85813,24,0
-1.3481623,0.320823,-0.0383072,9.63666,24,0
-1.318472235,0.320823,-0.0383072,9.63666,24,0
-1.301674087,0.320823,-0.0383072,9.63666,24,0
-1.36888761,0.341174,0.101754,9.68694,24,0
-1.366893024,0.341174,0.101754,9.68694,24,0
-1.378257256,0.395043,-0.120907,9.86291,24,0
-1.39144126,0.395043,-0.120907,9.86291,24,0
-1.340215843,0.395043,-0.120907,9.86291,24,0
-1.346870315,0.496797,-0.333991,9.76355,24,0
-1.398949443,0.496797,-0.333991,9.76355,24,0
-1.364350848,0.506374,-0.294487,9.56364,23,0
-1.310884898,0.506374,-0.294487,9.56364,23,0
-1.322576697,0.506374,-0.294487,9.56364,23,0
-1.306048089,0.360327,-0.0909797,9.56962,23,0
-1.351808733,0.360327,-0.0909797,9.56962,23,0
-1.36011207,0.360327,-0.0909797,9.56962,23,0
-1.335231775,0.262165,-0.0730232,9.20331,23,0
-1.324788377,0.262165,-0.0730232,9.20331,23,0
-1.322975889,0.36751,-0.195127,9.63786,23,0
-1.349639685,0.36751,-0.195127,9.63786,23,0
-1.396444476,0.36751,-0.195127,9.63786,23,0
-1.322205432,0.361524,0.0059855,9.5792,23,0
-1.316148264,0.361524,0.0059855,9.5792,23,0
-1.373035222,0.362722,-0.174777,9.55526,23,0
-1.346169484,0.362722,-0.174777,9.55526,22,0
-1.372374681,0.362722,-0.174777,9.55526,22,0
-1.349217689,0.429759,-0.023942,9.63068,22,0
-1.317372509,0.429759,-0.023942,9.63068,22,0
-1.344301081,0.292093,-0.17358,9.52294,22,0
-1.387148373,0.292093,-0.17358,9.52294,22,0
-1.376965062,0.292093,-0.17358,9.52294,22,0
-1.389052904,0.302867,-0.0634463,9.39006,22,0
-1.372074321,0.302867,-0.0634463,9.39006,22,0
-1.388403511,0.302867,-0.0634463,9.39006,22,0
-1.33023834,0.383072,-0.152032,9.72884,22,0
-1.355294998,0.383072,-0.152032,9.72884,22,0
-1.322517419,0.392649,-0.0347159,9.47386,22,0
-1.331595543,0.392649,-0.0347159,9.47386,22,0
-1.307044483,0.456095,-0.0442927,9.60913,22,0
-1.38959293,0.456095,-0.0442927,9.60913,22,0
-1.310163414,0.456095,-0.0442927,9.60913,22,0
-1.384928232,0.389058,-0.0694318,9.61511,22,0
-1.344225554,0.389058,-0.0694318,9.61511,22,0
-1.317205329,0.413,-0.201113,9.55167,22,0
-1.385396878,0.413,-0.201113,9.55167,22,0
-1.347555172,0.413,-0.201113,9.55167,22,0
-1.340644207,0.447716,-0.0167594,9.663,22,0
-1.387080734,0.447716,-0.0167594,9.663,22,0
-1.33465185,0.490811,-0.00718261,9.42478,22,0
-1.316759432,0.490811,-0.00718261,9.42478,22,0
-1.363132843,0.490811,-0.00718261,9.42478,22,0
-1.371244569,0.436942,-0.0694318,9.99699,22,0
-1.36872975,0.436942,-0.0694318,9.99699,23,0
-1.37765483,0.482432,-0.0993594,9.68814,23,0
-1.36984874,0.482432,-0.0993594,9.68814,23,0
-1.373505352,0.482432,-0.0993594,9.68814,22,0
-1.307065303,0.408211,-0.233435,9.59716,22,0
-1.319586416,0.408211,-0.233435,9.59716,22,0
-1.379004203,0.439336,-0.317232,9.26436,22,0
-1.348107899,0.439336,-0.317232,9.26436,22,0
-1.344616878,0.439336,-0.317232,9.26436,22,0
-1.323764865,0.323217,-0.342371,9.46907,22,0
-1.32242994,0.323217,-0.342371,9.46907,22,0
-1.300439835,0.326809,-0.201113,9.27873,22,0
-1.396084474,0.326809,-0.201113,9.27873,22,0
-1.350132283,0.326809,-0.201113,9.27873,22,0
-1.33127555,0.300472,-0.0969652,9.45829,22,0
-1.304304891,0.300472,-0.0969652,9.45829,22,0
-1.391301603,0.270545,-0.023942,9.23803,22,0
-1.374745937,0.270545,-0.023942,9.23803,22,0
-1.373459229,0.270545,-0.023942,9.23803,22,0
-1.398792078,0.320823,-0.0814029,9.33978,22,0
-1.393035695,0.320823,-0.0814029,9.33978,22,0
-1.304548232,0.244209,-0.310049,9.56244,22,0
-1.309235916,0.244209,-0.310049,9.56244,22,0
-1.322850736,0.244209,-0.310049,9.56244,22,0
-1.334678809,0.343568,-0.205901,9.3745,22,0
-1.366738605,0.343568,-0.205901,9.3745,22,0
-1.33179094,0.282516,-0.140061,9.46787,22,0
-1.325838195,0.282516,-0.140061,9.46787,22,0
-1.393183017,0.282516,-0.140061,9.46787,22,0
-1.39114928,0.302867,0.023942,9.39724,22,0
-1.362508474,0.302867,0.023942,9.39724,22,0
-1.377878401,0.308852,0.134075,9.29549,22,0
-1.331165609,0.308852,0.134075,9.29549,22,0
-1.360244679,0.308852,0.134075,9.29549,22,0
-1.321829076,0.368707,0.0191536,9.26915,22,0
-1.381714623,0.368707,0.0191536,9.26915,22,0
-1.392978505,0.488417,-0.0514753,9.50139,22,0
-1.333253446,0.488417,-0.0514753,9.50139,22,0
-1.320710857,0.488417,-0.0514753,9.50139,22,0
-1.346920414,0.454898,-0.106542,9.57441,22,0
-1.313609407,0.454898,-0.106542,9.57441,22,0
-1.384635515,0.454898,-0.106542,9.57441,22,0
-1.301210191,0.424971,-0.211887,9.62708,22,0
-1.320215593,0.424971,-0.211887,9.62708,22,0
-1.387791804,0.432153,-0.126893,9.92157,22,0
-1.347207644,0.432153,-0.126893,9.92157,22,0
-1.317963234,0.424971,-0.0251391,9.45829,22,0
-1.319824396,0.424971,-0.0251391,9.45829,22,0
-1.392765599,0.424971,-0.0251391,9.45829,22,0
-1.357538013,0.0766145,0.201113,8.85615,22,0
-1.398365989,0.0766145,0.201113,8.85615,22,0
-1.367536558,0.0766145,0.201113,8.85615,22,0
-1.328469991,0.319626,-0.634463,9.38766,22,0
-1.343661845,0.319626,-0.634463,9.38766,22,0
-1.37775178,0.386664,-0.281319,9.80904,22,0
-1.314789525,0.386664,-0.281319,9.80904,22,0
-1.315369967,0.386664,-0.281319,9.80904,22,0
-1.367711578,0.198719,-0.196325,9.47146,22,0
-1.381922279,0.198719,-0.196325,9.47146,22,0
-1.327431976,0.198719,-0.196325,9.47146,22,0
-1.35951308,0.228646,0.233435,9.50737,22,0
-1.345160854,0.228646,0.233435,9.50737,22,0
-1.389230608,0.149638,0.106542,9.24641,21,0
-1.322781751,0.149638,0.106542,9.24641,21,0
-1.389447129,0.0837971,0.0969652,9.17937,21,0
-1.348087135,0.0837971,0.0969652,9.17937,21,0
-1.341927104,0.0837971,0.0969652,9.17937,21,0
-1.322000223,0.177171,-0.190339,9.44872,21,0
-1.388566833,0.177171,-0.190339,9.44872,21,0
-1.397827678,0.287304,-0.229843,9.48822,21,0
-1.367576043,0.287304,-0.229843,9.48822,21,0
-1.37316859,0.287304,-0.229843,9.48822,21,0
-1.30842917,0.226252,-0.374693,9.46308,21,0
-1.321768166,0.226252,-0.374693,9.46308,21,0
-1.345308725,0.214281,-0.201113,9.59476,21,0
-1.320931467,0.214281,-0.201113,9.59476,21,0
-1.395244914,0.214281,-0.201113,9.59476,21,0
-1.308831085,0.308852,-0.094571,9.5385,21,0
-1.330881106,0.308852,-0.094571,9.5385,21,0
-1.356331363,0.326809,-0.0873884,9.60554,21,0
-1.349240586,0.326809,-0.0873884,9.60554,21,0
-1.396690838,0.326809,-0.0873884,9.60554,21,0
-1.377987722,0.426168,-0.101754,9.73961,21,0
-1.337495554,0.426168,-0.101754,9.73961,21,0
-1.342219494,0.29329,-0.131681,9.48104,21,0
-1.387538091,0.29329,-0.131681,9.48104,21,0
-1.325854024,0.29329,-0.131681,9.48104,21,0
-1.326214937,0.448913,-0.129287,9.67138,21,0
-1.39912388,0.448913,-0.129287,9.67138,21,0
-1.327774943,0.579397,-0.0383072,9.79348,21,0
-1.3280229,0.579397,-0.0383072,9.79348,21,0
-1.346448892,0.579397,-0.0383072,9.79348,21,0
-1.387284275,0.488417,-0.112527,9.65103,21,0
-1.352041236,0.488417,-0.112527,9.65103,21,0
-1.332046427,0.278924,-0.177171,9.69293,21,0
-1.319593282,0.278924,-0.177171,9.69293,21,0
-1.306491577,0.278924,-0.177171,9.69293,21,0
-1.373639042,0.192733,-0.448913,9.62349,21,0
-1.303808856,0.192733,-0.448913,9.62349,21,0
-1.305093603,0.347159,-0.155623,9.73602,21,0
-1.35742027,0.347159,-0.155623,9.73602,21,0
-1.336566616,0.347159,-0.155623,9.73602,21,0
-1.302356851,0.379481,0.140061,9.46667,21,0
-1.307866026,0.379481,0.140061,9.46667,21,0
-1.37819449,0.320823,-0.12809,9.28591,21,0
-1.382070485,0.320823,-0.12809,9.28591,21,0
-1.326005252,0.320823,-0.12809,9.28591,21,0
-1.306021922,0.505177,-0.0538695,9.80306,21,0
-1.368858916,0.505177,-0.0538695,9.80306,21,0
-1.354949545,0.476446,-0.0287304,9.6223,21,0
-1.335463988,0.476446,-0.0287304,9.6223,21,0
-1.398925967,0.476446,-0.0287304,9.6223,21,0
-1.316692082,0.366313,-0.144849,9.67138,21,0
-1.396026344,0.366313,-0.144849,9.67138,21,0
-1.309348666,0.391452,-0.286107,9.79707,21,0
-1.392333963,0.391452,-0.286107,9.79707,21,0
-1.301396115,0.391452,-0.286107,9.79707,21,0
-1.314085321,0.535104,-0.187945,9.72046,21,0
-1.382067972,0.535104,-0.187945,9.72046,21,0
-1.338159164,0.475249,0.164003,9.58878,21,0
-1.356450565,0.475249,0.164003,9.58878,21,0
-1.311765231,0.475249,0.164003,9.58878,21,0
-1.336927218,0.53271,0.161609,9.44872,21,0
-1.348318693,0.53271,0.161609,9.44872,21,0
-1.371621031,0.669179,-0.15682,10.1622,21,0
-1.32350438,0.669179,-0.15682,10.1622,21,0
-1.309054951,0.669179,-0.15682,10.1622,21,0
-1.309365676,0.70629,0.0466869,10.1143,21,0
-1.353285854,0.70629,0.0466869,10.1143,21,0
-1.304936846,0.47884,0.0251391,9.88686,21,0
-1.362425587,0.47884,0.0251391,9.88686,21,0
-1.399154142,0.47884,0.0251391,9.88686,21,0
-1.385860352,0.520739,0.0227449,9.70969,21,0
-1.359174809,0.520739,0.0227449,9.70969,21,0
-1.347426829,0.520739,0.0227449,9.70969,21,0
-1.300370579,0.574608,-0.101754,9.34218,20,0
-1.352093733,0.574608,-0.101754,9.34218,20,0
-1.371267065,0.588974,-0.432153,9.76475,20,0
-1.310252713,0.588974,-0.432153,9.76475,20,0
-1.38288563,0.574608,-0.126893,9.93354,20,0
-1.314634694,0.574608,-0.126893,9.93354,20,0
-1.314668201,0.574608,-0.126893,9.93354,20,0
-1.306560593,0.507571,-0.146046,9.71567,20,0
-1.357350383,0.507571,-0.146046,9.71567,20,0
-1.342022082,0.507571,-0.146046,9.71567,20,0
-1.365439929,0.434548,0.0323217,9.30267,20,0
-1.340621016,0.434548,0.0323217,9.30267,20,0
-1.361355593,0.482432,-0.137667,9.51456,20,0
-1.308856596,0.482432,-0.137667,9.51456,20,0
-1.361485389,0.482432,-0.137667,9.51456,20,0
-1.33894088,0.597353,0.0143652,9.59955,20,0
-1.357030684,0.597353,0.0143652,9.59955,20,0
-1.391436382,0.597353,0.0143652,9.59955,20,0
-1.302287416,0.559046,-0.0490811,9.47505,20,0
-1.347346852,0.559046,-0.0490811,9.47505,20,0
-1.315304472,0.559046,-0.0646434,9.41161,20,0
-1.389109236,0.559046,-0.0646434,9.41161,20,0
-1.364870094,0.499191,0.0766145,9.39964,20,0
-1.365330332,0.499191,0.0766145,9.39964,20,0
-1.342908629,0.499191,0.0766145,9.39964,20,0
-1.368180304,0.582988,-0.00718261,9.43435,20,0
-1.37737742,0.582988,-0.00718261,9.43435,20,0
-1.324593315,0.594959,0.0526724,9.61751,20,0
-1.338566225,0.594959,0.0526724,9.61751,20,0
-1.322307169,0.594959,0.0526724,9.61751,20,0
-1.396500341,0.575805,0.11971,9.42358,20,0
-1.327527702,0.575805,0.11971,9.42358,20,0
-1.326745311,0.549469,0.00837971,9.49421,20,0
-1.349322282,0.549469,0.00837971,9.49421,20,0
-1.302272298,0.549469,0.00837971,9.49421,20,0
-1.327373413,0.650026,-0.0167594,9.58758,20,0
-1.37361336,0.650026,-0.0167594,9.58758,20,0
-1.303159362,0.651223,0.168791,9.86651,20,0
-1.389616614,0.651223,0.168791,9.86651,20,0
-1.371023835,0.651223,0.168791,9.86651,20,0
-1.398234032,0.568623,0.31364,9.70609,20,0
-1.308231391,0.568623,0.31364,9.70609,20,0
-1.376494861,0.604536,0.110133,9.60673,20,0
-1.367612707,0.604536,0.110133,9.60673,20,0
-1.323463564,0.604536,0.110133,9.60673,20,0
-1.378316854,0.675165,0.0502782,9.61631,20,0
-1.317237462,0.675165,0.0502782,9.61631,20,0
-1.324278684,0.675165,0.0502782,9.61631,20,0
-1.352867969,0.580594,-0.123301,9.48104,20,0
-1.317995164,0.580594,-0.123301,9.48104,20,0
-1.338594954,0.371101,-0.25618,9.59237,20,0
-1.388920004,0.371101,-0.25618,9.59237,20,0
-1.3824621,0.383072,-0.0730232,9.57202,20,0
-1.39099025,0.383072,-0.0730232,9.57202,20,0
-1.345037202,0.383072,-0.0730232,9.57202,20,0
-1.305336082,0.494403,-0.00957681,9.67856,20,0
-1.394272021,0.494403,-0.00957681,9.67856,19,0
-1.339061777,0.470461,0.0634463,9.53012,19,0
-1.376077362,0.470461,0.0634463,9.53012,19,0
-1.360133115,0.470461,0.0634463,9.53012,19,0
-1.321276736,0.353145,-0.0993594,9.45829,19,0
-1.382556727,0.353145,-0.0993594,9.45829,19,0
-1.327226748,0.343568,-0.259771,9.35534,19,0
-1.3164106,0.343568,-0.259771,9.35534,19,0
-1.325101993,0.343568,-0.259771,9.35534,19,0
-1.340897095,0.439336,-0.405817,9.41161,19,0
-1.331394038,0.439336,-0.405817,9.41161,19,0
-1.347128991,0.402226,-0.167594,9.36731,19,0
-1.374525635,0.402226,-0.167594,9.36731,19,0
-1.366528465,0.402226,-0.167594,9.36731,19,0
-1.377892797,0.44173,-0.0646434,9.4128,19,0
-1.323867887,0.44173,-0.0646434,9.4128,19,0
-1.318772237,0.453701,0.136469,9.52773,19,0
-1.338790039,0.453701,0.136469,9.52773,19,0
-1.372131507,0.453701,0.136469,9.52773,19,0
-1.37006589,0.56144,0.124498,9.31584,19,0
-1.394816533,0.56144,0.124498,9.31584,19,0
-1.381120092,0.574608,0.0526724,9.30626,19,0
-1.334911268,0.574608,0.0526724,9.30626,19,0
-1.389729066,0.574608,0.0526724,9.30626,19,0
-1.364711922,0.612916,-0.11971,9.38407,19,0
-1.336789126,0.612916,-0.11971,9.38407,19,0
-1.358007644,0.624887,-0.196325,9.57561,19,0
-1.3052332,0.624887,-0.196325,9.57561,19,0
-1.358263789,0.624887,-0.196325,9.57561,19,0
-1.380862504,0.573411,-0.0897826,9.69173,19,0
-1.317641831,0.573411,-0.0897826,9.69173,19,0
-1.312323512,0.554258,0.0897826,9.57082,19,0
-1.304666789,0.554258,0.0897826,9.57082,19,0
-1.397466519,0.554258,0.0897826,9.57082,19,0
-1.366016493,0.550666,0.150835,9.46308,19,0
-1.311677771,0.550666,0.150835,9.46308,19,0
-1.307083462,0.557849,-0.152032,9.35774,19,0
-1.394181322,0.557849,-0.152032,9.35774,19,0
-1.349363761,0.557849,-0.152032,9.35774,19,0
-1.393536934,0.557849,-0.152032,9.35774,19,0
-1.335697311,0.429759,-0.116119,9.38766,19,0
-1.347026354,0.429759,-0.116119,9.38766,19,0
-1.353940565,0.306458,-0.118513,9.27035,19,0
-1.319391028,0.306458,-0.118513,9.27035,19,0
-1.312406147,0.287304,0.0682347,9.31464,19,0
-1.375891078,0.287304,0.0682347,9.31464,19,0
-1.376166058,0.287304,0.0682347,9.31464,19,0
-1.365658067,0.23942,-0.0790087,9.19972,19,0
-1.394031092,0.23942,-0.0790087,9.19972,19,0
-1.335841587,0.229843,0.0023942,9.32063,19,0
-1.369816802,0.229843,0.0023942,9.32063,19,0
-1.329372722,0.229843,0.0023942,9.32063,19,0
-1.387579822,0.180762,0.0215478,9.35774,19,0
-1.325893633,0.180762,0.0215478,9.35774,19,0
-1.310540889,0.171185,-0.0766145,9.30387,19,0
-1.322486828,0.171185,-0.0766145,9.30387,19,0
-1.36075826,0.171185,-0.0766145,9.30387,19,0
-1.30016886,0.271742,-0.104148,9.32182,19,0
-1.39342333,0.271742,-0.104148,9.32182,19,0
-1.371356466,0.271742,-0.104148,9.32182,19,0
-1.325786309,0.343568,0.15682,9.38886,19,0
-1.37855664,0.343568,0.15682,9.38886,19,0
-1.334550516,0.319626,0.0849942,9.414,19,0
-1.300833243,0.319626,0.0849942,9.414,19,0
-1.319089623,0.300472,0.148441,9.55646,19,0
-1.335533631,0.300472,0.148441,9.55646,19,0
-1.343059992,0.300472,0.148441,9.55646,19,0
-1.303751707,0.448913,0.011971,9.53491,19,0
-1.315540076,0.448913,0.011971,9.53491,19,0
-1.331819899,0.40462,-0.0754174,9.71567,19,0
-1.333959552,0.40462,-0.0754174,9.71567,19,0
-1.396505982,0.40462,-0.0754174,9.71567,19,0
-1.390079609,0.496797,-0.229843,9.87488,19,0
-1.316738324,0.496797,-0.229843,9.87488,19,0
-1.345146687,0.584185,-0.0418985,10.0269,19,0
-1.325797939,0.584185,-0.0418985,10.0269,19,0
-1.396314691,0.584185,-0.0418985,10.0269,19,0
-1.397639272,0.548272,0.137667,10.07,19,0
-1.350477079,0.548272,0.137667,10.07,19,0
-1.383852415,0.641646,-0.0287304,9.87967,19,0
-1.382611885,0.641646,-0.0287304,9.87967,19,0
-1.310484864,0.641646,-0.0287304,9.87967,19,0
-1.380851635,0.672771,-0.0849942,9.64145,19,0
-1.336110383,0.672771,-0.0849942,9.64145,19,0
-1.386142913,0.679953,-0.301669,9.55406,18,0
-1.314487175,0.679953,-0.301669,9.55406,18,0
-1.384418594,0.679953,-0.301669,9.55406,18,0
-1.395887417,0.531513,-0.270545,9.58279,18,0
-1.359517787,0.531513,-0.270545,9.58279,18,0
-1.399127131,0.587777,-0.187945,9.62708,18,0
-1.381364652,0.587777,-0.187945,9.62708,18,0
-1.397470846,0.587777,-0.187945,9.62708,18,0
-1.321382952,0.612916,0.00957681,9.62948,18,0
-1.305922821,0.612916,0.00957681,9.62948,18,0
-1.359682097,0.536301,0.0395043,9.51097,18,0
-1.351569383,0.536301,0.0395043,9.51097,18,0
-1.399198776,0.536301,0.0395043,9.51097,18,0
-1.372823901,0.500388,-0.215478,9.48463,18,0
-1.356336037,0.500388,-0.215478,9.48463,18,0
-1.339107444,0.48722,-0.0442927,9.57681,18,0
-1.369469858,0.48722,-0.0442927,9.57681,18,0
-1.354956206,0.48722,-0.0442927,9.57681,18,0
-1.313273151,0.567426,-0.11133,9.69173,18,0
-1.323784286,0.567426,-0.11133,9.69173,18,0
-1.376343083,0.60693,-0.0227449,9.60314,18,0
-1.334579859,0.60693,-0.0227449,9.60314,18,0
-1.327225032,0.60693,-0.0227449,9.60314,18,0
-1.383258532,0.593762,0.0778116,9.79707,18,0
-1.335763312,0.593762,0.0778116,9.79707,18,0
-1.30332618,0.620098,0.245406,9.73842,18,0
-1.36573808,0.620098,0.245406,9.73842,18,0
-1.323185138,0.620098,0.245406,9.73842,18,0
-1.392201018,0.574608,0.245406,9.91439,18,0
-1.34250062,0.574608,0.245406,9.91439,18,0
-1.398885625,0.679953,0.100556,9.73123,18,0
-1.354355165,0.679953,0.100556,9.73123,18,0
-1.332930103,0.679953,0.100556,9.73123,18,0
-1.320028434,0.665588,0.0873884,9.84376,18,0
-1.305511131,0.665588,0.0873884,9.84376,18,0
-1.368155077,0.690727,0.201113,9.93235,18,0
-1.346412847,0.690727,0.201113,9.93235,18,0
-1.323394839,0.690727,0.201113,9.93235,18,0
-1.364892297,0.675165,-0.0035913,10.088,18,0
-1.39216152,0.675165,-0.0035913,10.088,18,0
-1.382226814,0.70629,0.0969652,10.1718,18,0
-1.388606983,0.70629,0.0969652,10.1718,18,0
-1.318968191,0.70629,0.0969652,10.1718,18,0
-1.307456655,0.302867,-0.00718261,12.4606,18,0
-1.336949776,0.302867,-0.00718261,12.4606,18,0
-1.337572258,-2.82157,0.720655,24.8746,18,0
-1.321048481,-2.82157,0.720655,24.8746,18,0
-1.399629081,-2.82157,0.720655,24.8746,18,0
-1.35977167,-3.66193,-0.0466869,26.4164,18,0
-1.397793108,-3.66193,-0.0466869,26.4164,16,0
-1.325367202,-3.66193,-0.0466869,26.4164,16,0
-1.37642286,-1.18633,-0.379481,15.7838,16,0
-1.379016103,-1.18633,-0.379481,15.7838,13,0
-1.313053691,1.74537,0.0191536,6.09205,13,0
-1.368166766,1.74537,0.0191536,6.09205,13,0
-1.365660159,1.74537,0.0191536,6.09205,11,0
-1.391643642,1.13725,0.00718261,5.51026,11,0
-1.338982864,1.13725,0.00718261,5.51026,11,0
-1.342881779,1.65439,-0.0023942,5.35344,11,0
-1.374232759,1.65439,-0.0023942,5.35344,11,0
-1.310366954,1.65439,-0.0023942,5.35344,11,0
-1.389040527,1.75974,0.0622492,4.80995,11,0
-1.361189713,1.75974,0.0622492,4.80995,11,0
-1.361333264,1.41856,-0.645237,4.31076,11,0
-1.362262527,1.41856,-0.645237,4.31076,11,0
-1.322263059,1.41856,-0.645237,4.31076,11,0
-1.354276287,1.39103,-0.826,5.41329,11,0
-1.34209858,1.39103,-0.826,5.41329,11,0
-1.33718507,0.865504,-0.915782,11.5796,11,0
-1.323187272,0.865504,-0.915782,11.5796,11,0
-1.326079468,0.865504,-0.915782,11.5796,12,0
-1.38219411,-0.00957681,0.124498,17.6117,12,0
-1.337069182,-0.00957681,0.124498,17.6117,12,0
-1.324594933,-0.717063,-0.343568,17.4968,12,0
-1.358398004,-0.717063,-0.343568,17.4968,12,0
-1.309947645,-0.717063,-0.343568,17.4968,12,0
-1.322149211,0.347159,0.129287,11.0612,12,0
-1.365395134,0.347159,0.129287,11.0612,11,0
-1.368995928,1.22104,0.0179565,5.43244,11,0
-1.385697902,1.22104,0.0179565,5.43244,11,0
-1.308907111,1.22104,0.0179565,5.43244,11,0
-1.317676012,1.54187,0.426168,4.3371,11,0
-1.335994693,1.54187,0.426168,4.3371,11,0
-1.361712381,1.25097,-0.517148,5.94001,11,0
-1.336879151,1.25097,-0.517148,5.94001,11,0
-1.323695141,1.25097,-0.517148,5.94001,11,0